Expiry Time,Risk-Free Rate,Volatility,Strike Price,Original Method Price,Optimized Method Price,Basis,Call Flag,Original Computation Time,Optimized Computation Time
1,0.02,0.1,102,3.73341,4.0453,2,1,31.8665,56.4539
1,0.02,0.1,102,3.73341,4.10252,1,1,31.8665,57.0584
1,0.02,0.1,102,3.73341,4.03161,0,1,31.8665,35.2845
1,0.02,0.1,105,2.54134,2.77133,0,1,22.2185,40.74
1,0.02,0.1,105,2.54134,2.68088,1,1,22.2185,65.5135
1,0.02,0.1,105,2.54134,2.68115,2,1,22.2185,61.0329
1,0.02,0.1,110,1.15801,1.41337,0,1,16.2158,48.5862
1,0.02,0.1,110,1.15801,1.34895,1,1,16.2158,81.2847
1,0.02,0.1,110,1.15801,1.29118,2,1,16.2158,72.5298
1,0.02,0.1,120,0.216848,0.221788,0,1,10.1699,48.2192
1,0.02,0.1,120,0.216848,0.227086,1,1,10.1699,78.1621
1,0.02,0.1,120,0.216848,0.234431,2,1,10.1699,80.2582
1,0.02,0.1,150,5.80969e-06,0.000332468,0,1,3.80172,50.8912
1,0.02,0.1,150,5.80969e-06,0,1,1,3.80172,82.5213
1,0.02,0.1,150,5.80969e-06,0,2,1,3.80172,81.2582
1,0.02,0.1,98,2.3351,2.20598,2,0,27.1545,41.6884
1,0.02,0.1,98,2.3351,2.2907,1,0,27.1545,46.3634
1,0.02,0.1,98,2.3351,2.14169,0,0,27.1545,28.6873
1,0.02,0.1,95,1.32135,1.3277,0,0,21.3691,23.5463
1,0.02,0.1,95,1.32135,1.34078,1,0,21.3691,36.4699
1,0.02,0.1,95,1.32135,1.29606,2,0,21.3691,31.5109
1,0.02,0.1,90,0.43045,0.452098,1,0,15.0523,25.2305
1,0.02,0.1,90,0.43045,0.348991,2,0,15.0523,20.8242
1,0.02,0.1,90,0.43045,0.461577,0,0,15.0523,17.1032
1,0.02,0.1,80,0.0153237,0.0238423,0,0,5.08296,5.40953
1,0.02,0.1,80,0.0153237,0.0163883,1,0,5.08296,5.86586
1,0.02,0.1,80,0.0153237,0.0050805,2,0,5.08296,5.14858
1,0.02,0.1,50,0,0,0,0,3.81955,4.32127
1,0.02,0.1,50,0,0,1,0,3.81955,4.32841
1,0.02,0.1,50,0,0,2,0,3.81955,4.3255
1,0.02,0.2,102,7.5363,7.9007,0,1,29.6588,35.009
1,0.02,0.2,102,7.5363,7.69241,1,1,29.6588,56.2662
1,0.02,0.2,102,7.5363,7.90178,2,1,29.6588,52.3416
1,0.02,0.2,105,6.23229,6.71731,0,1,25.3722,37.7665
1,0.02,0.2,105,6.23229,6.87479,1,1,25.3722,60.4899
1,0.02,0.2,105,6.23229,6.61038,2,1,25.3722,57.4209
1,0.02,0.2,110,4.37763,4.95301,0,1,21.6499,41.1613
1,0.02,0.2,110,4.37763,4.95021,1,1,21.6499,67.2761
1,0.02,0.2,110,4.37763,4.96644,2,1,21.6499,63.642
1,0.02,0.2,120,2.19933,2.60849,0,1,16.3192,45.0565
1,0.02,0.2,120,2.19933,2.41779,1,1,16.3192,73.4842
1,0.02,0.2,120,2.19933,2.45775,2,1,16.3192,70.8934
1,0.02,0.2,150,0.222704,0.270697,0,1,6.36617,51.7527
1,0.02,0.2,150,0.222704,0.249501,1,1,6.36617,79.2336
1,0.02,0.2,150,0.222704,0.267736,2,1,6.36617,74.7413
1,0.02,0.2,98,6.41559,5.96478,0,0,28.6147,29.9792
1,0.02,0.2,98,6.41559,6.11386,1,0,28.6147,47.8634
1,0.02,0.2,98,6.41559,5.8624,2,0,28.6147,43.7278
1,0.02,0.2,95,4.88761,4.69547,0,0,24.8564,26.8368
1,0.02,0.2,95,4.88761,4.80917,1,0,24.8564,42.4907
1,0.02,0.2,95,4.88761,4.56726,2,0,24.8564,38.0462
1,0.02,0.2,90,3.10201,2.97884,0,0,20.6784,22.3485
1,0.02,0.2,90,3.10201,2.97644,1,0,20.6784,35.06
1,0.02,0.2,90,3.10201,2.65412,2,0,20.6784,30.535
1,0.02,0.2,80,0.8597,0.887663,1,0,14.1905,23.7288
1,0.02,0.2,80,0.8597,1.00978,0,0,14.1905,16.7467
1,0.02,0.2,80,0.8597,0.786934,2,0,14.1905,19.9352
1,0.02,0.2,50,7.66341e-05,0,2,0,3.6008,4.09432
1,0.02,0.2,50,7.66341e-05,0.000258261,0,0,3.6008,4.1566
1,0.02,0.2,50,7.66341e-05,0.000238076,1,0,3.6008,4.13693
1,0.02,0.3,102,12.166,11.9645,0,1,28.3305,34.4835
1,0.02,0.3,102,12.166,11.908,1,1,28.3305,55.2867
1,0.02,0.3,102,12.166,12.1925,2,1,28.3305,51.8932
1,0.02,0.3,105,9.86119,10.7846,0,1,26.2406,36.6965
1,0.02,0.3,105,9.86119,10.5904,1,1,26.2406,59.3509
1,0.02,0.3,105,9.86119,10.9305,2,1,26.2406,54.9453
1,0.02,0.3,110,7.50933,8.67686,0,1,23.355,39.3555
1,0.02,0.3,110,7.50933,8.87549,1,1,23.355,63.6396
1,0.02,0.3,110,7.50933,8.82644,2,1,23.355,60.2923
1,0.02,0.3,120,4.60169,5.82304,0,1,19.1023,43.0332
1,0.02,0.3,120,4.60169,5.55966,1,1,19.1023,69.9764
1,0.02,0.3,120,4.60169,6.12574,2,1,19.1023,66.9376
1,0.02,0.3,150,1.54655,1.8538,0,1,12.0176,46.8552
1,0.02,0.3,150,1.54655,1.74436,1,1,12.0176,76.1458
1,0.02,0.3,150,1.54655,1.82358,2,1,12.0176,73.3148
1,0.02,0.3,98,10.4917,9.78523,0,0,29.6351,31.8048
1,0.02,0.3,98,10.4917,9.75041,2,0,29.6351,46.6369
1,0.02,0.3,98,10.4917,9.90525,1,0,29.6351,50.8995
1,0.02,0.3,95,9.22565,8.44291,0,0,27.5839,29.524
1,0.02,0.3,95,9.22565,8.30262,1,0,27.5839,46.6948
1,0.02,0.3,95,9.22565,8.13629,2,0,27.5839,51.1901
1,0.02,0.3,90,6.61483,5.98357,0,0,24.4065,25.9199
1,0.02,0.3,90,6.61483,6.15373,1,0,24.4065,40.9394
1,0.02,0.3,90,6.61483,5.86149,2,0,24.4065,36.3735
1,0.02,0.3,80,3.02435,3.17322,0,0,18.3404,20.2112
1,0.02,0.3,80,3.02435,3.00863,1,0,18.3404,31.0999
1,0.02,0.3,80,3.02435,2.93606,2,0,18.3404,26.9609
1,0.02,0.3,50,0.037578,0.0424515,1,0,5.09412,6.09782
1,0.02,0.3,50,0.037578,0.012627,2,0,5.09412,5.56189
1,0.02,0.3,50,0.037578,0.03135,0,0,5.09412,5.65103
1,0.02,0.4,102,13.4538,16.2759,0,1,28.1918,34.8191
1,0.02,0.4,102,13.4538,16.0663,1,1,28.1918,56.2191
1,0.02,0.4,102,13.4538,15.8875,2,1,28.1918,56.3599
1,0.02,0.4,105,12.6553,14.6031,0,1,28.7345,39.208
1,0.02,0.4,105,12.6553,14.6585,1,1,28.7345,62.9446
1,0.02,0.4,105,12.6553,14.6992,2,1,28.7345,59.1344
1,0.02,0.4,110,9.85581,12.7699,0,1,26.3771,41.5374
1,0.02,0.4,110,9.85581,12.9746,1,1,26.3771,66.9691
1,0.02,0.4,110,9.85581,13.0713,2,1,26.3771,63.41
1,0.02,0.4,120,7.66929,9.56884,2,1,22.4049,69.3705
1,0.02,0.4,120,7.66929,9.85505,1,1,22.4049,72.7185
1,0.02,0.4,120,7.66929,9.72736,0,1,22.4049,44.6253
1,0.02,0.4,150,3.91131,4.17972,2,1,15.7525,77.2958
1,0.02,0.4,150,3.91131,4.29615,0,1,15.7525,49.0698
1,0.02,0.4,150,3.91131,4.26669,1,1,15.7525,79.1277
1,0.02,0.4,98,14.9397,13.545,0,0,31.1567,34.0929
1,0.02,0.4,98,14.9397,13.8435,1,0,31.1567,52.9636
1,0.02,0.4,98,14.9397,13.6181,2,0,31.1567,47.7998
1,0.02,0.4,95,12.7415,11.8024,2,0,29.0882,47.9832
1,0.02,0.4,95,12.7415,11.7418,0,0,29.0882,32.8057
1,0.02,0.4,95,12.7415,11.9343,1,0,29.0882,52.3266
1,0.02,0.4,90,10.171,9.49384,0,0,27.0677,27.688
1,0.02,0.4,90,10.171,9.74224,1,0,27.0677,43.8213
1,0.02,0.4,90,10.171,9.25626,2,0,27.0677,39.8923
1,0.02,0.4,80,5.82967,5.86049,0,0,20.9888,22.7987
1,0.02,0.4,80,5.82967,5.83829,1,0,20.9888,35.674
1,0.02,0.4,80,5.82967,5.4742,2,0,20.9888,31.6313
1,0.02,0.4,50,0.436179,0.34576,0,0,10.057,11.1133
1,0.02,0.4,50,0.436179,0.386001,1,0,10.057,14.7559
1,0.02,0.4,50,0.436179,0.197816,2,0,10.057,11.899
1,0.02,0.5,102,15.7414,20.2915,0,1,27.6478,34.7583
1,0.02,0.5,102,15.7414,20.0631,1,1,27.6478,55.9071
1,0.02,0.5,102,15.7414,19.4056,2,1,27.6478,52.3298
1,0.02,0.5,105,14.6933,18.3274,1,1,26.4657,58.1214
1,0.02,0.5,105,14.6933,18.7351,0,1,26.4657,35.8898
1,0.02,0.5,105,14.6933,18.0974,2,1,26.4657,54.4516
1,0.02,0.5,110,13.3518,16.4355,0,1,24.641,38.0115
1,0.02,0.5,110,13.3518,16.9135,1,1,24.641,60.8763
1,0.02,0.5,110,13.3518,16.6258,2,1,24.641,57.7691
1,0.02,0.5,120,9.59128,13.6333,0,1,21.4408,40.4977
1,0.02,0.5,120,9.59128,13.5374,1,1,21.4408,65.7072
1,0.02,0.5,120,9.59128,14.1844,2,1,21.4408,62.031
1,0.02,0.5,150,6.46031,7.56418,0,1,16.3505,44.659
1,0.02,0.5,150,6.46031,7.90093,1,1,16.3505,72.3992
1,0.02,0.5,150,6.46031,6.88454,2,1,16.3505,69.8394
1,0.02,0.5,98,17.8835,17.2056,0,0,30.9481,33.024
1,0.02,0.5,98,17.8835,17.5704,1,0,30.9481,52.8166
1,0.02,0.5,98,17.8835,17.2343,2,0,30.9481,49.1906
1,0.02,0.5,95,16.5291,15.6841,0,0,29.8,31.6294
1,0.02,0.5,95,16.5291,16.0435,1,0,29.8,50.446
1,0.02,0.5,95,16.5291,15.4325,2,0,29.8,46.6786
1,0.02,0.5,90,13.4747,12.8842,0,0,27.3703,29.0249
1,0.02,0.5,90,13.4747,13.1975,1,0,27.3703,46.8804
1,0.02,0.5,90,13.4747,12.8818,2,0,27.3703,42.4487
1,0.02,0.5,80,9.1752,8.67667,0,0,23.2253,25.0153
1,0.02,0.5,80,9.1752,8.55449,1,0,23.2253,39.1677
1,0.02,0.5,80,9.1752,8.46581,2,0,23.2253,35.1096
1,0.02,0.5,50,1.26749,1.21607,0,0,12.7731,13.9368
1,0.02,0.5,50,1.26749,1.08602,1,0,12.7731,20.7518
1,0.02,0.5,50,1.26749,0.861714,2,0,12.7731,17.0835
1,0.03,0.1,102,4.08309,4.49441,0,1,27.9807,34.4081
1,0.03,0.1,102,4.08309,4.40246,1,1,27.9807,55.3747
1,0.03,0.1,102,4.08309,4.46765,2,1,27.9807,51.6094
1,0.03,0.1,105,2.79778,3.11316,0,1,22.7631,39.1478
1,0.03,0.1,105,2.79778,3.12148,1,1,22.7631,63.238
1,0.03,0.1,105,2.79778,3.18544,2,1,22.7631,59.735
1,0.03,0.1,110,1.30845,1.53103,0,1,16.6926,43.7522
1,0.03,0.1,110,1.30845,1.61984,1,1,16.6926,71.0417
1,0.03,0.1,110,1.30845,1.60837,2,1,16.6926,67.9618
1,0.03,0.1,120,0.218078,0.287465,0,1,9.05959,46.6806
1,0.03,0.1,120,0.218078,0.288684,1,1,9.05959,76.6146
1,0.03,0.1,120,0.218078,0.321517,2,1,9.05959,73.7187
1,0.03,0.1,150,0,0.000183824,0,1,3.54812,47.2913
1,0.03,0.1,150,0,0,1,1,3.54812,76.8442
1,0.03,0.1,150,0,0.000914751,2,1,3.54812,74.2613
1,0.03,0.1,98,1.99492,1.9347,0,0,23.8334,26.1117
1,0.03,0.1,98,1.99492,1.89294,1,0,23.8334,40.9675
1,0.03,0.1,98,1.99492,1.89297,2,0,23.8334,36.6202
1,0.03,0.1,95,1.119,1.11401,0,0,19.1438,21.0609
1,0.03,0.1,95,1.119,1.12275,1,0,19.1438,32.7342
1,0.03,0.1,95,1.119,1.09932,2,0,19.1438,28.4015
1,0.03,0.1,90,0.368364,0.356713,0,0,13.7877,15.4205
1,0.03,0.1,90,0.368364,0.356461,1,0,13.7877,23.216
1,0.03,0.1,90,0.368364,0.275091,2,0,13.7877,18.7735
1,0.03,0.1,80,0.0111542,0.014265,0,0,4.47877,4.90024
1,0.03,0.1,80,0.0111542,0.0133739,1,0,4.47877,5.1532
1,0.03,0.1,80,0.0111542,0.0045346,2,0,4.47877,4.68879
1,0.03,0.1,50,0,0,0,0,3.53505,4.01622
1,0.03,0.1,50,0,0,1,0,3.53505,4.02028
1,0.03,0.1,50,0,0,2,0,3.53505,4.03151
1,0.03,0.2,102,8.13906,8.39769,0,1,28.3566,34.1562
1,0.03,0.2,102,8.13906,8.69498,1,1,28.3566,54.21
1,0.03,0.2,102,8.13906,8.57681,2,1,28.3566,50.381
1,0.03,0.2,105,6.42005,7.19832,0,1,25.1046,36.8616
1,0.03,0.2,105,6.42005,7.12585,1,1,25.1046,59.3329
1,0.03,0.2,105,6.42005,7.21091,2,1,25.1046,56.9259
1,0.03,0.2,110,4.5248,5.20976,1,1,23.2741,70.1861
1,0.03,0.2,110,4.5248,5.15721,2,1,23.2741,64.6101
1,0.03,0.2,110,4.5248,5.33559,0,1,23.2741,40.3496
1,0.03,0.2,120,2.35732,2.75708,0,1,16.0909,44.1915
1,0.03,0.2,120,2.35732,2.72988,1,1,16.0909,71.8805
1,0.03,0.2,120,2.35732,2.82177,2,1,16.0909,68.8746
1,0.03,0.2,150,0.210057,0.269616,0,1,6.2095,46.9241
1,0.03,0.2,150,0.210057,0.273242,1,1,6.2095,76.3881
1,0.03,0.2,150,0.210057,0.262531,2,1,6.2095,73.6813
1,0.03,0.2,98,6.06666,5.57038,0,0,27.5185,29.4729
1,0.03,0.2,98,6.06666,5.74162,1,0,27.5185,47.1702
1,0.03,0.2,98,6.06666,5.56938,2,0,27.5185,42.8183
1,0.03,0.2,95,4.80646,4.17883,2,0,24.619,37.2681
1,0.03,0.2,95,4.80646,4.42668,1,0,24.619,41.9288
1,0.03,0.2,95,4.80646,4.41187,0,0,24.619,26.487
1,0.03,0.2,90,2.79318,2.71095,0,0,20.3845,22.0199
1,0.03,0.2,90,2.79318,2.6537,1,0,20.3845,34.3946
1,0.03,0.2,90,2.79318,2.47116,2,0,20.3845,29.7987
1,0.03,0.2,80,0.805654,0.858959,0,0,13.847,15.6084
1,0.03,0.2,80,0.805654,0.798846,1,0,13.847,22.4742
1,0.03,0.2,80,0.805654,0.69226,2,0,13.847,19.2371
1,0.03,0.2,50,5.56929e-05,0.000622697,0,0,3.5781,4.04104
1,0.03,0.2,50,5.56929e-05,0.00026749,1,0,3.5781,4.05961
1,0.03,0.2,50,5.56929e-05,0.00011983,2,0,3.5781,4.03284
1,0.03,0.3,102,12.2153,12.2187,0,1,28.283,34.1571
1,0.03,0.3,102,12.2153,12.279,1,1,28.283,54.6031
1,0.03,0.3,102,12.2153,12.0676,2,1,28.283,51.1499
1,0.03,0.3,105,9.98809,10.8829,0,1,26.3322,36.2323
1,0.03,0.3,105,9.98809,11.2972,1,1,26.3322,58.1851
1,0.03,0.3,105,9.98809,10.8785,2,1,26.3322,54.9279
1,0.03,0.3,110,8.05501,9.2854,0,1,23.4659,38.8087
1,0.03,0.3,110,8.05501,9.10506,1,1,23.4659,62.8548
1,0.03,0.3,110,8.05501,9.35514,2,1,23.4659,59.086
1,0.03,0.3,120,4.92653,6.3366,0,1,19.0629,42.3948
1,0.03,0.3,120,4.92653,6.32409,1,1,19.0629,68.662
1,0.03,0.3,120,4.92653,6.75002,2,1,19.0629,65.3497
1,0.03,0.3,150,1.61396,1.81231,0,1,11.8939,46.2393
1,0.03,0.3,150,1.61396,1.88331,1,1,11.8939,75.1492
1,0.03,0.3,150,1.61396,1.76757,2,1,11.8939,72.5274
1,0.03,0.3,98,10.1842,9.44389,0,0,29.0741,31.2145
1,0.03,0.3,98,10.1842,9.1781,1,0,29.0741,49.0748
1,0.03,0.3,98,10.1842,9.47484,2,0,29.0741,46.054
1,0.03,0.3,95,8.68412,8.14599,0,0,26.9301,28.8616
1,0.03,0.3,95,8.68412,8.04482,1,0,26.9301,45.921
1,0.03,0.3,95,8.68412,7.47092,2,0,26.9301,41.3934
1,0.03,0.3,90,6.46309,6.09853,0,0,23.6063,25.4941
1,0.03,0.3,90,6.46309,5.98266,1,0,23.6063,40.2399
1,0.03,0.3,90,6.46309,5.65446,2,0,23.6063,35.997
1,0.03,0.3,80,2.77389,2.81393,0,0,19.7702,19.7915
1,0.03,0.3,80,2.77389,2.9309,1,0,19.7702,30.4729
1,0.03,0.3,80,2.77389,2.59334,2,0,19.7702,26.1655
1,0.03,0.3,50,0.0341371,0.0272933,0,0,4.91159,5.05624
1,0.03,0.3,50,0.0341371,0.0371372,1,0,4.91159,5.96628
1,0.03,0.3,50,0.0341371,0.0108195,2,0,4.91159,5.34787
1,0.03,0.4,102,14.9818,16.2803,0,1,28.3304,34.344
1,0.03,0.4,102,14.9818,16.3025,1,1,28.3304,55.2942
1,0.03,0.4,102,14.9818,16.2834,2,1,28.3304,51.121
1,0.03,0.4,105,12.9012,15.3782,0,1,26.4691,35.8747
1,0.03,0.4,105,12.9012,14.8503,1,1,26.4691,57.5816
1,0.03,0.4,105,12.9012,14.9529,2,1,26.4691,53.9732
1,0.03,0.4,110,11.0969,13.1612,2,1,24.081,58.1711
1,0.03,0.4,110,11.0969,13.5202,0,1,24.081,38.0067
1,0.03,0.4,110,11.0969,13.1645,1,1,24.081,61.3379
1,0.03,0.4,120,8.4791,10.1972,0,1,20.7655,41.1808
1,0.03,0.4,120,8.4791,10.5146,1,1,20.7655,67.2452
1,0.03,0.4,120,8.4791,10.4617,2,1,20.7655,63.2924
1,0.03,0.4,150,3.97293,4.4983,0,1,14.586,45.3278
1,0.03,0.4,150,3.97293,4.65655,1,1,14.586,73.6059
1,0.03,0.4,150,3.97293,4.40643,2,1,14.586,70.73
1,0.03,0.4,98,14.3435,13.181,1,0,30.1902,51.1732
1,0.03,0.4,98,14.3435,13.0999,2,0,30.1902,46.9781
1,0.03,0.4,98,14.3435,13.1556,0,0,30.1902,32.4232
1,0.03,0.4,95,12.5553,11.5603,0,0,29.1843,30.259
1,0.03,0.4,95,12.5553,11.399,1,0,29.1843,48.5357
1,0.03,0.4,95,12.5553,11.4868,2,0,29.1843,44.3823
1,0.03,0.4,90,9.96411,9.26205,0,0,25.7852,27.4778
1,0.03,0.4,90,9.96411,9.27089,1,0,25.7852,43.5074
1,0.03,0.4,90,9.96411,8.85622,2,0,25.7852,39.508
1,0.03,0.4,80,5.618,5.58164,0,0,20.7295,22.8472
1,0.03,0.4,80,5.618,5.6391,1,0,20.7295,35.6701
1,0.03,0.4,80,5.618,5.25287,2,0,20.7295,31.3469
1,0.03,0.4,50,0.399807,0.39043,0,0,9.60554,10.6161
1,0.03,0.4,50,0.399807,0.405486,1,0,9.60554,15.1197
1,0.03,0.4,50,0.399807,0.190993,2,0,9.60554,11.9716
1,0.03,0.5,102,17.1934,20.4385,0,1,27.8185,34.6692
1,0.03,0.5,102,17.1934,20.1872,1,1,27.8185,55.4153
1,0.03,0.5,102,17.1934,19.8564,2,1,27.8185,51.9062
1,0.03,0.5,105,16.5685,18.6391,0,1,26.6618,35.9752
1,0.03,0.5,105,16.5685,18.6693,1,1,26.6618,57.7242
1,0.03,0.5,105,16.5685,19.1249,2,1,26.6618,54.0642
1,0.03,0.5,110,12.6029,17.455,0,1,24.5204,37.5602
1,0.03,0.5,110,12.6029,17.0936,1,1,24.5204,60.7265
1,0.03,0.5,110,12.6029,16.8289,2,1,24.5204,57.2676
1,0.03,0.5,120,10.5928,13.8169,0,1,21.533,40.4303
1,0.03,0.5,120,10.5928,14.0421,1,1,21.533,65.0983
1,0.03,0.5,120,10.5928,13.8495,2,1,21.533,62.112
1,0.03,0.5,150,6.60005,8.03107,0,1,16.2228,44.427
1,0.03,0.5,150,6.60005,8.14885,1,1,16.2228,72.086
1,0.03,0.5,150,6.60005,7.60401,2,1,16.2228,69.486
1,0.03,0.5,98,17.6986,16.9143,1,0,30.9383,52.1563
1,0.03,0.5,98,17.6986,16.999,0,0,30.9383,32.9552
1,0.03,0.5,98,17.6986,16.8792,2,0,30.9383,48.5678
1,0.03,0.5,95,15.8888,15.4241,0,0,29.6453,31.6222
1,0.03,0.5,95,15.8888,15.2661,1,0,29.6453,50.0246
1,0.03,0.5,95,15.8888,15.0383,2,0,29.6453,46.2994
1,0.03,0.5,90,13.3148,12.692,0,0,27.1594,29.1461
1,0.03,0.5,90,13.3148,12.8801,1,0,27.1594,46.4497
1,0.03,0.5,90,13.3148,12.5143,2,0,27.1594,42.6099
1,0.03,0.5,80,8.7591,8.45904,0,0,23.0653,24.9897
1,0.03,0.5,80,8.7591,8.54124,1,0,23.0653,39.219
1,0.03,0.5,80,8.7591,8.03205,2,0,23.0653,34.9129
1,0.03,0.5,50,0.892796,1.19789,0,0,12.5447,14.0714
1,0.03,0.5,50,0.892796,1.07561,1,0,12.5447,20.4233
1,0.03,0.5,50,0.892796,0.814851,2,0,12.5447,16.7569
1,0.05,0.1,102,5.34831,5.61,0,1,29.5645,32.8475
1,0.05,0.1,102,5.34831,5.66274,1,1,29.5645,52.7264
1,0.05,0.1,102,5.34831,5.66215,2,1,29.5645,48.4319
1,0.05,0.1,105,3.85973,4.05465,0,1,24.4312,37.8954
1,0.05,0.1,105,3.85973,4.12465,1,1,24.4312,60.9524
1,0.05,0.1,105,3.85973,4.17257,2,1,24.4312,57.5377
1,0.05,0.1,110,1.68018,2.07503,0,1,17.7284,42.9888
1,0.05,0.1,110,1.68018,2.21216,1,1,17.7284,69.2816
1,0.05,0.1,110,1.68018,2.10584,2,1,17.7284,66.3975
1,0.05,0.1,120,0.341214,0.505464,0,1,10.2805,46.3665
1,0.05,0.1,120,0.341214,0.474523,1,1,10.2805,75.6079
1,0.05,0.1,120,0.341214,0.477424,2,1,10.2805,72.8207
1,0.05,0.1,150,0.000455869,0.000114066,0,1,3.57107,47.1022
1,0.05,0.1,150,0.000455869,0,1,1,3.57107,76.9505
1,0.05,0.1,150,0.000455869,0,2,1,3.57107,74.3242
1,0.05,0.1,98,1.62561,1.38963,0,0,22.7143,24.6074
1,0.05,0.1,98,1.62561,1.40077,1,0,22.7143,38.5618
1,0.05,0.1,98,1.62561,1.28202,2,0,22.7143,34.2428
1,0.05,0.1,95,0.864727,0.801505,0,0,18.3698,20.2226
1,0.05,0.1,95,0.864727,0.758217,1,0,18.3698,30.9931
1,0.05,0.1,95,0.864727,0.717398,2,0,18.3698,26.6219
1,0.05,0.1,90,0.244473,0.229553,0,0,13.2274,14.7092
1,0.05,0.1,90,0.244473,0.219051,1,0,13.2274,20.967
1,0.05,0.1,90,0.244473,0.159747,2,0,13.2274,17.8231
1,0.05,0.1,80,0.00240792,0.00928867,0,0,3.98602,4.41268
1,0.05,0.1,80,0.00240792,0.00466145,1,0,3.98602,4.45362
1,0.05,0.1,80,0.00240792,0.00314528,2,0,3.98602,4.41714
1,0.05,0.1,50,0,0,0,0,3.53846,4.01569
1,0.05,0.1,50,0,0,1,0,3.53846,4.02215
1,0.05,0.1,50,0,0,2,0,3.53846,4.01436
1,0.05,0.2,102,9.45545,9.23754,1,1,29.294,53.5566
1,0.05,0.2,102,9.45545,9.66759,0,1,29.294,33.114
1,0.05,0.2,102,9.45545,9.62453,2,1,29.294,48.909
1,0.05,0.2,105,7.75038,8.11379,0,1,26.7197,36.1708
1,0.05,0.2,105,7.75038,7.88522,1,1,26.7197,57.8283
1,0.05,0.2,105,7.75038,8.10868,2,1,26.7197,54.5628
1,0.05,0.2,110,5.34778,6.11263,0,1,23.0047,39.6175
1,0.05,0.2,110,5.34778,6.04072,1,1,23.0047,63.9282
1,0.05,0.2,110,5.34778,6.11105,2,1,23.0047,60.8782
1,0.05,0.2,120,2.83756,3.32551,0,1,16.6677,43.8655
1,0.05,0.2,120,2.83756,3.12094,1,1,16.6677,71.4954
1,0.05,0.2,120,2.83756,3.30911,2,1,16.6677,68.2502
1,0.05,0.2,150,0.344273,0.398383,0,1,7.37489,46.869
1,0.05,0.2,150,0.344273,0.375489,1,1,7.37489,76.311
1,0.05,0.2,150,0.344273,0.346984,2,1,7.37489,73.6635
1,0.05,0.2,98,5.56445,4.72109,0,0,26.7569,28.7468
1,0.05,0.2,98,5.56445,4.73653,1,0,26.7569,45.6539
1,0.05,0.2,98,5.56445,4.77513,2,0,26.7569,41.1683
1,0.05,0.2,95,4.28448,3.74505,0,0,23.82,25.8494
1,0.05,0.2,95,4.28448,3.63579,1,0,23.82,40.627
1,0.05,0.2,95,4.28448,3.50919,2,0,23.82,36.0754
1,0.05,0.2,90,2.51167,2.22098,2,0,19.5429,28.9897
1,0.05,0.2,90,2.51167,2.22288,0,0,19.5429,21.4243
1,0.05,0.2,90,2.51167,2.29246,1,0,19.5429,33.8
1,0.05,0.2,80,0.678903,0.708863,0,0,13.5976,15.3105
1,0.05,0.2,80,0.678903,0.684423,1,0,13.5976,22.1776
1,0.05,0.2,80,0.678903,0.518429,2,0,13.5976,18.5619
1,0.05,0.2,50,0.000136911,0.000334917,0,0,3.57,4.02454
1,0.05,0.2,50,0.000136911,0.000105091,1,0,3.57,4.02734
1,0.05,0.2,50,0.000136911,4.51225e-05,2,0,3.57,4.01377
1,0.05,0.3,102,12.753,13.3019,0,1,28.8465,33.6315
1,0.05,0.3,102,12.753,13.1374,1,1,28.8465,53.8396
1,0.05,0.3,102,12.753,13.3072,2,1,28.8465,49.8769
1,0.05,0.3,105,11.2414,11.8684,0,1,26.8517,35.8376
1,0.05,0.3,105,11.2414,11.9912,1,1,26.8517,57.0754
1,0.05,0.3,105,11.2414,11.9506,2,1,26.8517,53.3554
1,0.05,0.3,110,8.73494,9.79814,0,1,24.0021,38.4264
1,0.05,0.3,110,8.73494,9.94493,1,1,24.0021,61.8872
1,0.05,0.3,110,8.73494,10.0225,2,1,24.0021,58.3314
1,0.05,0.3,120,5.24839,6.86029,0,1,19.4687,41.8487
1,0.05,0.3,120,5.24839,6.86967,1,1,19.4687,67.9155
1,0.05,0.3,120,5.24839,6.88882,2,1,19.4687,64.8644
1,0.05,0.3,150,1.74048,2.07728,0,1,12.0939,45.9816
1,0.05,0.3,150,1.74048,2.08829,1,1,12.0939,74.9331
1,0.05,0.3,150,1.74048,2.04083,2,1,12.0939,72.1083
1,0.05,0.3,98,9.63067,8.27808,0,0,28.603,30.4679
1,0.05,0.3,98,9.63067,8.47796,1,0,28.603,48.4713
1,0.05,0.3,98,9.63067,8.52412,2,0,28.603,44.2986
1,0.05,0.3,95,7.99374,7.33489,0,0,26.445,28.5734
1,0.05,0.3,95,7.99374,7.0508,1,0,26.445,44.652
1,0.05,0.3,95,7.99374,7.14185,2,0,26.445,40.8571
1,0.05,0.3,90,5.8987,5.15205,0,0,23.226,24.8359
1,0.05,0.3,90,5.8987,5.58591,1,0,23.226,39.4711
1,0.05,0.3,90,5.8987,5.06511,2,0,23.226,34.7403
1,0.05,0.3,80,2.73933,2.63517,1,0,17.8031,30.0967
1,0.05,0.3,80,2.73933,2.57814,0,0,17.8031,19.4298
1,0.05,0.3,80,2.73933,2.34338,2,0,17.8031,25.6258
1,0.05,0.3,50,0.0226007,0.0489759,0,0,4.61692,5.09455
1,0.05,0.3,50,0.0226007,0.0271892,1,0,4.61692,5.37692
1,0.05,0.3,50,0.0226007,0.00893693,2,0,4.61692,4.96396
1,0.05,0.4,102,15.989,17.1743,0,1,28.6136,33.7825
1,0.05,0.4,102,15.989,17.3491,2,1,28.6136,50.8016
1,0.05,0.4,102,15.989,17.2257,1,1,28.6136,54.2543
1,0.05,0.4,105,14.0917,15.9069,0,1,26.9155,35.4604
1,0.05,0.4,105,14.0917,16.5294,1,1,26.9155,56.7813
1,0.05,0.4,105,14.0917,16.1764,2,1,26.9155,53.0855
1,0.05,0.4,110,12.6432,13.6763,0,1,24.5913,37.693
1,0.05,0.4,110,12.6432,14.3353,1,1,24.5913,60.3971
1,0.05,0.4,110,12.6432,14.1895,2,1,24.5913,57.199
1,0.05,0.4,120,8.73056,10.8998,0,1,20.914,40.797
1,0.05,0.4,120,8.73056,10.5006,1,1,20.914,66.1307
1,0.05,0.4,120,8.73056,11.0905,2,1,20.914,63.0996
1,0.05,0.4,150,3.81463,4.28355,0,1,14.9045,45.3648
1,0.05,0.4,150,3.81463,4.9875,1,1,14.9045,73.2433
1,0.05,0.4,150,3.81463,5.28425,2,1,14.9045,70.3542
1,0.05,0.4,98,13.2575,11.9314,0,0,29.6206,31.5221
1,0.05,0.4,98,13.2575,11.9619,1,0,29.6206,50.3463
1,0.05,0.4,98,13.2575,12.2489,2,0,29.6206,46.5502
1,0.05,0.4,95,11.848,10.5842,0,0,28.0292,29.8061
1,0.05,0.4,95,11.848,10.7076,1,0,28.0292,47.3844
1,0.05,0.4,95,11.848,10.5594,2,0,28.0292,43.5384
1,0.05,0.4,90,9.35653,8.5976,0,0,25.3322,28.2729
1,0.05,0.4,90,9.35653,8.35786,2,0,25.3322,38.8983
1,0.05,0.4,90,9.35653,8.73994,1,0,25.3322,43.167
1,0.05,0.4,80,5.43122,4.97024,0,0,20.5354,22.5003
1,0.05,0.4,80,5.43122,4.88711,1,0,20.5354,34.6649
1,0.05,0.4,80,5.43122,4.82369,2,0,20.5354,31.0544
1,0.05,0.4,50,0.328448,0.28627,0,0,9.25657,10.2782
1,0.05,0.4,50,0.328448,0.32008,1,0,9.25657,14.1477
1,0.05,0.4,50,0.328448,0.181517,2,0,9.25657,11.7318
1,0.05,0.5,102,19.4963,20.9159,0,1,28.2206,34.3184
1,0.05,0.5,102,19.4963,21.1927,1,1,28.2206,55.1701
1,0.05,0.5,102,19.4963,21.5309,2,1,28.2206,51.322
1,0.05,0.5,105,14.9124,19.4854,0,1,26.7865,35.3774
1,0.05,0.5,105,14.9124,20.0084,1,1,26.7865,57.199
1,0.05,0.5,105,14.9124,20.2525,2,1,26.7865,53.4495
1,0.05,0.5,110,14.1857,17.758,0,1,24.9677,37.6606
1,0.05,0.5,110,14.1857,17.1806,1,1,24.9677,60.2948
1,0.05,0.5,110,14.1857,18.7054,2,1,24.9677,56.498
1,0.05,0.5,120,9.97393,14.955,0,1,21.8215,40.1817
1,0.05,0.5,120,9.97393,14.8852,1,1,21.8215,64.8505
1,0.05,0.5,120,9.97393,15.4362,2,1,21.8215,61.1833
1,0.05,0.5,150,6.53776,8.0775,0,1,16.2062,44.5346
1,0.05,0.5,150,6.53776,8.41878,1,1,16.2062,71.924
1,0.05,0.5,150,6.53776,8.27499,2,1,16.2062,69.201
1,0.05,0.5,98,16.8353,15.8032,0,0,30.6448,32.5162
1,0.05,0.5,98,16.8353,15.6609,1,0,30.6448,51.7528
1,0.05,0.5,98,16.8353,15.7144,2,0,30.6448,47.8408
1,0.05,0.5,95,15.319,14.5504,0,0,29.1921,31.2111
1,0.05,0.5,95,15.319,14.5475,1,0,29.1921,49.7699
1,0.05,0.5,95,15.319,14.1773,2,0,29.1921,45.6357
1,0.05,0.5,90,12.7947,11.8519,0,0,26.9885,28.7269
1,0.05,0.5,90,12.7947,11.6799,1,0,26.9885,45.6061
1,0.05,0.5,90,12.7947,11.6764,2,0,26.9885,41.6182
1,0.05,0.5,80,8.48198,7.83602,0,0,23.0443,24.6328
1,0.05,0.5,80,8.48198,7.77487,1,0,23.0443,38.3531
1,0.05,0.5,80,8.48198,7.46918,2,0,23.0443,34.3526
1,0.05,0.5,50,1.01256,1.00655,0,0,12.2216,13.7143
1,0.05,0.5,50,1.01256,0.95358,1,0,12.2216,20.0442
1,0.05,0.5,50,1.01256,0.730315,2,0,12.2216,16.7095
1,0.1,0.1,102,8.2673,8.83656,0,1,33.3672,29.0518
1,0.1,0.1,102,8.2673,8.84128,1,1,33.3672,46.4041
1,0.1,0.1,102,8.2673,8.89208,2,1,33.3672,42.0654
1,0.1,0.1,105,6.56205,6.83823,0,1,28.0465,34.3266
1,0.1,0.1,105,6.56205,6.88331,1,1,28.0465,54.6619
1,0.1,0.1,105,6.56205,6.89129,2,1,28.0465,50.9926
1,0.1,0.1,110,3.87097,4.29055,0,1,20.7527,39.9101
1,0.1,0.1,110,3.87097,4.21962,1,1,20.7527,64.8954
1,0.1,0.1,110,3.87097,4.13954,2,1,20.7527,61.5927
1,0.1,0.1,120,0.932769,1.23334,0,1,12.3361,45.5817
1,0.1,0.1,120,0.932769,1.14734,1,1,12.3361,74.0394
1,0.1,0.1,120,0.932769,1.19355,2,1,12.3361,71.2622
1,0.1,0.1,150,0.000602166,0.00543898,0,1,3.58395,47.1689
1,0.1,0.1,150,0.000602166,0.00301188,1,1,3.58395,76.7621
1,0.1,0.1,150,0.000602166,0.00245001,2,1,3.58395,74.3392
1,0.1,0.1,98,0.933211,0.534526,0,0,19.8261,21.7641
1,0.1,0.1,98,0.933211,0.519987,1,0,19.8261,33.672
1,0.1,0.1,98,0.933211,0.512852,2,0,19.8261,29.0021
1,0.1,0.1,95,0.412654,0.365797,0,0,16.3756,18.6331
1,0.1,0.1,95,0.412654,0.253037,1,0,16.3756,28.0542
1,0.1,0.1,95,0.412654,0.236691,2,0,16.3756,23.2171
1,0.1,0.1,90,0.0906068,0.0725958,0,0,10.1562,10.5044
1,0.1,0.1,90,0.0906068,0.0718101,1,0,10.1562,14.1598
1,0.1,0.1,90,0.0906068,0.0308445,2,0,10.1562,11.7731
1,0.1,0.1,80,5.19103e-05,0.00143075,0,0,3.58327,4.0744
1,0.1,0.1,80,5.19103e-05,0.000590409,1,0,3.58327,4.05369
1,0.1,0.1,80,5.19103e-05,0.000672534,2,0,3.58327,4.11085
1,0.1,0.1,50,0,0,0,0,3.53626,4.0314
1,0.1,0.1,50,0,0,1,0,3.53626,4.03333
1,0.1,0.1,50,0,0,2,0,3.53626,4.08659
1,0.1,0.2,102,11.9405,12.1209,0,1,31.0764,31.2937
1,0.1,0.2,102,11.9405,11.8945,1,1,31.0764,50.0665
1,0.1,0.2,102,11.9405,11.9056,2,1,31.0764,46.1681
1,0.1,0.2,105,10.0797,10.9096,0,1,28.2456,33.9013
1,0.1,0.2,105,10.0797,10.5164,1,1,28.2456,55.6136
1,0.1,0.2,105,10.0797,10.5576,2,1,28.2456,51.0782
1,0.1,0.2,110,7.76406,7.95371,0,1,24.0534,38.1517
1,0.1,0.2,110,7.76406,8.01965,1,1,24.0534,61.2046
1,0.1,0.2,110,7.76406,8.32989,2,1,24.0534,57.7068
1,0.1,0.2,120,3.85882,4.72908,0,1,17.9286,42.6167
1,0.1,0.2,120,3.85882,4.59186,1,1,17.9286,69.2736
1,0.1,0.2,120,3.85882,4.78396,2,1,17.9286,66.2132
1,0.1,0.2,150,0.533538,0.671609,0,1,8.4116,46.812
1,0.1,0.2,150,0.533538,0.63781,1,1,8.4116,76.0244
1,0.1,0.2,150,0.533538,0.629167,2,1,8.4116,73.469
1,0.1,0.2,98,4.2769,3.08111,0,0,24.8993,26.8231
1,0.1,0.2,98,4.2769,3.16443,1,0,24.8993,42.3503
1,0.1,0.2,98,4.2769,3.12968,2,0,24.8993,38.0832
1,0.1,0.2,95,3.10418,2.38254,2,0,21.8905,33.0483
1,0.1,0.2,95,3.10418,2.42182,1,0,21.8905,37.786
1,0.1,0.2,95,3.10418,2.45667,0,0,21.8905,23.9665
1,0.1,0.2,90,1.61332,1.36293,0,0,18.2208,20.0843
1,0.1,0.2,90,1.61332,1.35157,1,0,18.2208,31.0566
1,0.1,0.2,90,1.61332,1.32031,2,0,18.2208,26.6471
1,0.1,0.2,80,0.435858,0.379408,0,0,12.4896,14.0481
1,0.1,0.2,80,0.435858,0.354301,1,0,12.4896,20.5885
1,0.1,0.2,80,0.435858,0.250986,2,0,12.4896,17.1433
1,0.1,0.2,50,0,0,0,0,3.54156,4.02195
1,0.1,0.2,50,0,0,1,0,3.54156,4.02764
1,0.1,0.2,50,0,0.000260402,2,0,3.54156,4.03228
1,0.1,0.3,102,15.3431,15.6536,0,1,30.371,32.2744
1,0.1,0.3,102,15.3431,15.755,1,1,30.371,51.4532
1,0.1,0.3,102,15.3431,15.8418,2,1,30.371,47.9342
1,0.1,0.3,105,13.1386,14.1428,0,1,28.0803,34.2365
1,0.1,0.3,105,13.1386,14.4579,1,1,28.0803,54.9899
1,0.1,0.3,105,13.1386,14.1415,2,1,28.0803,51.2651
1,0.1,0.3,110,11.1861,12.264,0,1,25.1176,36.9845
1,0.1,0.3,110,11.1861,12.05,1,1,25.1176,60.3493
1,0.1,0.3,110,11.1861,12.0007,2,1,25.1176,56.2908
1,0.1,0.3,120,7.06767,8.74986,0,1,20.4061,40.9146
1,0.1,0.3,120,7.06767,8.68114,1,1,20.4061,66.2839
1,0.1,0.3,120,7.06767,8.29134,2,1,20.4061,63.3924
1,0.1,0.3,150,2.5053,2.89837,0,1,12.7827,45.6942
1,0.1,0.3,150,2.5053,2.84282,1,1,12.7827,74.3541
1,0.1,0.3,150,2.5053,2.84976,2,1,12.7827,71.6723
1,0.1,0.3,98,8.2147,6.20061,0,0,27.3969,29.0001
1,0.1,0.3,98,8.2147,6.45593,1,0,27.3969,46.3926
1,0.1,0.3,98,8.2147,6.25085,2,0,27.3969,42.7987
1,0.1,0.3,95,6.71915,5.37487,0,0,25.1892,27.001
1,0.1,0.3,95,6.71915,5.50688,1,0,25.1892,42.7489
1,0.1,0.3,95,6.71915,5.36037,2,0,25.1892,38.4694
1,0.1,0.3,90,4.5707,4.02285,0,0,21.9196,23.841
1,0.1,0.3,90,4.5707,3.90458,1,0,21.9196,37.7298
1,0.1,0.3,90,4.5707,3.64533,2,0,21.9196,32.6737
1,0.1,0.3,80,2.01189,1.82445,0,0,16.8193,18.5732
1,0.1,0.3,80,2.01189,1.77794,1,0,16.8193,28.7471
1,0.1,0.3,80,2.01189,1.63757,2,0,16.8193,24.75
1,0.1,0.3,50,0.0138878,0.00574942,2,0,4.43297,4.48604
1,0.1,0.3,50,0.0138878,0.0177677,1,0,4.43297,5.28587
1,0.1,0.3,50,0.0138878,0.0241693,0,0,4.43297,4.58113
1,0.1,0.4,102,17.9454,19.7543,0,1,29.8053,32.8991
1,0.1,0.4,102,17.9454,18.9706,1,1,29.8053,52.9558
1,0.1,0.4,102,17.9454,19.8444,2,1,29.8053,51.614
1,0.1,0.4,105,16.0569,18.4572,0,1,28.7962,34.3162
1,0.1,0.4,105,16.0569,18.1869,1,1,28.7962,54.9017
1,0.1,0.4,105,16.0569,18.1046,2,1,28.7962,51.8026
1,0.1,0.4,110,13.4621,15.8884,0,1,25.4228,36.6684
1,0.1,0.4,110,13.4621,16.0923,1,1,25.4228,59.8115
1,0.1,0.4,110,13.4621,15.7378,2,1,25.4228,55.6255
1,0.1,0.4,120,10.4079,12.7514,0,1,21.8726,40.1411
1,0.1,0.4,120,10.4079,12.6791,1,1,21.8726,64.6633
1,0.1,0.4,120,10.4079,12.7849,2,1,21.8726,61.7064
1,0.1,0.4,150,4.62251,5.86263,0,1,14.9798,44.811
1,0.1,0.4,150,4.62251,5.61813,1,1,14.9798,72.9491
1,0.1,0.4,150,4.62251,5.74537,2,1,14.9798,70.7553
1,0.1,0.4,98,11.8215,9.69107,1,0,28.8447,48.6356
1,0.1,0.4,98,11.8215,10.0451,0,0,28.8447,30.6376
1,0.1,0.4,98,11.8215,9.90805,2,0,28.8447,44.7203
1,0.1,0.4,95,9.84895,8.93997,0,0,26.8203,28.9471
1,0.1,0.4,95,9.84895,8.77604,1,0,26.8203,45.9974
1,0.1,0.4,95,9.84895,8.59622,2,0,26.8203,42.1978
1,0.1,0.4,90,8.1117,6.81082,0,0,24.53,26.2989
1,0.1,0.4,90,8.1117,6.73522,1,0,24.53,41.3964
1,0.1,0.4,90,8.1117,6.68518,2,0,24.53,37.4204
1,0.1,0.4,80,4.47783,4.02458,0,0,19.7461,21.8611
1,0.1,0.4,80,4.47783,3.90374,1,0,19.7461,33.6545
1,0.1,0.4,80,4.47783,3.60271,2,0,19.7461,30.0239
1,0.1,0.4,50,0.244025,0.20931,1,0,9.18599,12.2557
1,0.1,0.4,50,0.244025,0.241107,0,0,9.18599,9.7784
1,0.1,0.4,50,0.244025,0.101334,2,0,9.18599,10.3346
1,0.1,0.5,102,20.3072,23.1519,0,1,28.9956,33.5128
1,0.1,0.5,102,20.3072,23.3273,1,1,28.9956,53.3208
1,0.1,0.5,102,20.3072,22.6857,2,1,28.9956,50.4689
1,0.1,0.5,105,19.1189,20.9897,0,1,27.6204,34.8681
1,0.1,0.5,105,19.1189,22.1691,2,1,27.6204,52.1897
1,0.1,0.5,105,19.1189,21.6915,1,1,27.6204,56.2366
1,0.1,0.5,110,15.2376,19.7429,0,1,25.7986,36.8263
1,0.1,0.5,110,15.2376,19.4738,1,1,25.7986,58.7647
1,0.1,0.5,110,15.2376,20.0972,2,1,25.7986,55.213
1,0.1,0.5,120,11.8803,16.6068,0,1,22.5734,39.8714
1,0.1,0.5,120,11.8803,16.5525,1,1,22.5734,64.0366
1,0.1,0.5,120,11.8803,16.7693,2,1,22.5734,60.4827
1,0.1,0.5,150,7.47937,9.50398,0,1,16.7594,44.0361
1,0.1,0.5,150,7.47937,9.12597,1,1,16.7594,71.2061
1,0.1,0.5,150,7.47937,9.44121,2,1,16.7594,68.6239
1,0.1,0.5,98,14.9703,13.426,0,0,29.508,31.7192
1,0.1,0.5,98,14.9703,13.6066,1,0,29.508,50.6897
1,0.1,0.5,98,14.9703,13.4156,2,0,29.508,46.4115
1,0.1,0.5,95,13.9677,12.0717,0,0,28.5902,30.2807
1,0.1,0.5,95,13.9677,12.0253,1,0,28.5902,48.7573
1,0.1,0.5,95,13.9677,12.0254,2,0,28.5902,44.5187
1,0.1,0.5,90,11.0512,10.2574,0,0,25.8937,28.1815
1,0.1,0.5,90,11.0512,10.0126,1,0,25.8937,44.4817
1,0.1,0.5,90,11.0512,9.80485,2,0,25.8937,40.3262
1,0.1,0.5,80,7.23902,6.6564,0,0,22.0394,23.9652
1,0.1,0.5,80,7.23902,6.757,1,0,22.0394,37.6601
1,0.1,0.5,80,7.23902,6.09483,2,0,22.0394,33.1315
1,0.1,0.5,50,0.871034,0.795625,0,0,12.1472,13.4288
1,0.1,0.5,50,0.871034,0.742682,1,0,12.1472,19.2366
1,0.1,0.5,50,0.871034,0.574069,2,0,12.1472,16.1679
5,0.02,0.1,102,12.8075,12.875,0,1,30.6789,26.4225
5,0.02,0.1,102,12.8075,12.9977,1,1,30.6789,40.227
5,0.02,0.1,102,12.8075,12.7493,2,1,30.6789,37.5368
5,0.02,0.1,105,11.3751,11.3842,0,1,28.299,26.5171
5,0.02,0.1,105,11.3751,11.4961,1,1,28.299,40.1785
5,0.02,0.1,105,11.3751,11.2903,2,1,28.299,37.1295
5,0.02,0.1,110,8.63263,9.18905,0,1,24.2672,26.492
5,0.02,0.1,110,8.63263,9.25118,1,1,24.2672,40.6019
5,0.02,0.1,110,8.63263,9.06305,2,1,24.2672,37.2105
5,0.02,0.1,120,4.91686,5.72112,0,1,18.7616,26.5444
5,0.02,0.1,120,4.91686,5.94373,1,1,18.7616,40.1239
5,0.02,0.1,120,4.91686,5.54686,2,1,18.7616,37.6974
5,0.02,0.1,150,0.878021,1.02461,1,1,9.73291,40.566
5,0.02,0.1,150,0.878021,1.01191,0,1,9.73291,26.3399
5,0.02,0.1,150,0.878021,1.01223,2,1,9.73291,36.7161
5,0.02,0.1,98,5.21694,3.86269,0,0,25.6673,26.4756
5,0.02,0.1,98,5.21694,36.2092,1,0,25.6673,40.4129
5,0.02,0.1,98,5.21694,35.6996,2,0,25.6673,37.058
5,0.02,0.1,95,3.83243,3.04201,0,0,22.8778,26.3457
5,0.02,0.1,95,3.83243,34.5403,1,0,22.8778,40.1365
5,0.02,0.1,95,3.83243,34.7778,2,0,22.8778,37.0917
5,0.02,0.1,90,2.36758,2.62617,0,0,19.32,26.6405
5,0.02,0.1,90,2.36758,32.7674,1,0,19.32,40.2096
5,0.02,0.1,90,2.36758,32.4614,2,0,19.32,36.791
5,0.02,0.1,80,0.740893,0.661335,0,0,13.9747,26.6894
5,0.02,0.1,80,0.740893,29.3905,1,0,13.9747,40.2723
5,0.02,0.1,80,0.740893,29.5345,2,0,13.9747,37.2835
5,0.02,0.1,50,4.15237e-06,0.000263073,0,0,3.53919,4.91235
5,0.02,0.1,50,4.15237e-06,0.709965,1,0,3.53919,5.86764
5,0.02,0.1,50,4.15237e-06,2.19989,2,0,3.53919,8.36205
5,0.02,0.2,102,19.3656,20.967,0,1,28.9241,30.237
5,0.02,0.2,102,19.3656,21.7533,1,1,28.9241,46.1459
5,0.02,0.2,102,19.3656,21.5684,2,1,28.9241,43.7351
5,0.02,0.2,105,16.6944,20.0288,2,1,27.5889,43.7157
5,0.02,0.2,105,16.6944,19.0501,1,1,27.5889,46.9056
5,0.02,0.2,105,16.6944,20.1417,0,1,27.5889,30.3257
5,0.02,0.2,110,14.2018,18.1067,0,1,25.6981,30.1166
5,0.02,0.2,110,14.2018,18.8316,1,1,25.6981,46.5737
5,0.02,0.2,110,14.2018,18.6447,2,1,25.6981,44.2306
5,0.02,0.2,120,10.8052,14.321,0,1,22.2686,30.2488
5,0.02,0.2,120,10.8052,13.7943,1,1,22.2686,46.6028
5,0.02,0.2,120,10.8052,14.8964,2,1,22.2686,43.9943
5,0.02,0.2,150,6.32515,7.88801,0,1,16.0707,29.9797
5,0.02,0.2,150,6.32515,7.54349,1,1,16.0707,46.4197
5,0.02,0.2,150,6.32515,7.07094,2,1,16.0707,44.2409
5,0.02,0.2,98,13.2775,11.7882,0,0,29.1352,30.617
5,0.02,0.2,98,13.2775,48.6644,1,0,29.1352,46.4448
5,0.02,0.2,98,13.2775,49.6639,2,0,29.1352,44.2958
5,0.02,0.2,95,11.5657,10.3566,0,0,27.4364,30.365
5,0.02,0.2,95,11.5657,47.3361,1,0,27.4364,46.5689
5,0.02,0.2,95,11.5657,48.5426,2,0,27.4364,44.4179
5,0.02,0.2,90,9.56506,44.4038,1,0,25.207,46.3118
5,0.02,0.2,90,9.56506,8.49082,0,0,25.207,30.173
5,0.02,0.2,90,9.56506,44.7368,2,0,25.207,43.7813
5,0.02,0.2,80,5.77303,5.41675,0,0,20.8053,30.682
5,0.02,0.2,80,5.77303,39.678,1,0,20.8053,46.3789
5,0.02,0.2,80,5.77303,39.422,2,0,20.8053,43.5364
5,0.02,0.2,50,0.508807,0.444241,0,0,10.437,30.0975
5,0.02,0.2,50,0.508807,25.2887,1,0,10.437,46.8895
5,0.02,0.2,50,0.508807,25.1187,2,0,10.437,43.9521
5,0.02,0.3,102,24.0589,30.1911,0,1,28.2764,32.1904
5,0.02,0.3,102,24.0589,29.5721,1,1,28.2764,49.5908
5,0.02,0.3,102,24.0589,28.3669,2,1,28.2764,48.2218
5,0.02,0.3,105,20.4028,28.0128,0,1,26.9468,32.2988
5,0.02,0.3,105,20.4028,28.414,1,1,26.9468,49.9227
5,0.02,0.3,105,20.4028,28.3957,2,1,26.9468,47.3388
5,0.02,0.3,110,18.032,27.5188,0,1,25.4417,32.1003
5,0.02,0.3,110,18.032,26.042,1,1,25.4417,49.9163
5,0.02,0.3,110,18.032,26.2783,2,1,25.4417,47.6679
5,0.02,0.3,120,14.192,22.7405,0,1,23.1564,32.5169
5,0.02,0.3,120,14.192,22.8127,1,1,23.1564,49.8055
5,0.02,0.3,120,14.192,24.4143,2,1,23.1564,47.3293
5,0.02,0.3,150,10.4124,15.929,0,1,18.4288,32.3358
5,0.02,0.3,150,10.4124,17.0424,1,1,18.4288,50.0232
5,0.02,0.3,150,10.4124,15.9551,2,1,18.4288,47.5278
5,0.02,0.3,98,20.5866,19.4605,0,0,31.0633,32.4382
5,0.02,0.3,98,20.5866,55.7693,1,0,31.0633,49.8499
5,0.02,0.3,98,20.5866,55.8377,2,0,31.0633,47.5327
5,0.02,0.3,95,18.7997,18.0128,0,0,29.8908,32.281
5,0.02,0.3,95,18.7997,55.3062,1,0,29.8908,50.4608
5,0.02,0.3,95,18.7997,54.0333,2,0,29.8908,47.3503
5,0.02,0.3,90,16.4755,15.3609,0,0,28.3623,32.3752
5,0.02,0.3,90,16.4755,51.1714,1,0,28.3623,49.8084
5,0.02,0.3,90,16.4755,51.7744,2,0,28.3623,47.6413
5,0.02,0.3,80,11.9338,11.3339,0,0,24.936,32.4414
5,0.02,0.3,80,11.9338,45.5417,1,0,24.936,49.7796
5,0.02,0.3,80,11.9338,45.3417,2,0,24.936,47.3586
5,0.02,0.3,50,2.65361,2.53763,0,0,15.6149,32.1561
5,0.02,0.3,50,2.65361,28.8186,1,0,15.6149,50.1394
5,0.02,0.3,50,2.65361,29.1635,2,0,15.6149,48.1144
5,0.02,0.4,102,22.5443,36.9937,0,1,26.9979,33.9179
5,0.02,0.4,102,22.5443,37.73,1,1,26.9979,52.8343
5,0.02,0.4,102,22.5443,37.4229,2,1,26.9979,50.5034
5,0.02,0.4,105,17.8311,36.5645,0,1,26.3085,33.8828
5,0.02,0.4,105,17.8311,37.2982,1,1,26.3085,52.3425
5,0.02,0.4,105,17.8311,36.9157,2,1,26.3085,50.9062
5,0.02,0.4,110,19.9935,32.8919,0,1,25.2082,33.9485
5,0.02,0.4,110,19.9935,34.8779,1,1,25.2082,52.9254
5,0.02,0.4,110,19.9935,33.3963,2,1,25.2082,50.4953
5,0.02,0.4,120,19.0779,31.466,0,1,23.4079,33.969
5,0.02,0.4,120,19.0779,32.6895,1,1,23.4079,52.959
5,0.02,0.4,120,19.0779,33.4238,2,1,23.4079,50.1122
5,0.02,0.4,150,16.1894,24.3037,0,1,19.3675,34.0715
5,0.02,0.4,150,16.1894,25.8059,1,1,19.3675,53.046
5,0.02,0.4,150,16.1894,24.5363,2,1,19.3675,51.3794
5,0.02,0.4,98,25.5876,27.1967,0,0,32.363,34.0216
5,0.02,0.4,98,25.5876,61.7083,1,0,32.363,53.1821
5,0.02,0.4,98,25.5876,62.9918,2,0,32.363,51.1852
5,0.02,0.4,95,23.9953,25.4122,0,0,31.6706,33.8821
5,0.02,0.4,95,23.9953,60.0085,1,0,31.6706,52.8556
5,0.02,0.4,95,23.9953,60.512,2,0,31.6706,50.7928
5,0.02,0.4,90,21.5487,23.2188,0,0,30.3255,34.224
5,0.02,0.4,90,21.5487,55.8602,1,0,30.3255,52.2664
5,0.02,0.4,90,21.5487,56.4902,2,0,30.3255,50.3889
5,0.02,0.4,80,16.7516,17.846,0,0,27.7246,34.1053
5,0.02,0.4,80,16.7516,50.7415,1,0,27.7246,52.8964
5,0.02,0.4,80,16.7516,50.5175,2,0,27.7246,51.4055
5,0.02,0.4,50,5.64888,6.17902,0,0,19.4131,34.0448
5,0.02,0.4,50,5.64888,31.0434,1,0,19.4131,52.246
5,0.02,0.4,50,5.64888,31.7934,2,0,19.4131,50.8443
5,0.02,0.5,102,21.2504,42.6532,0,1,26.101,35.4775
5,0.02,0.5,102,21.2504,46.5755,1,1,26.101,55.2327
5,0.02,0.5,102,21.2504,45.8019,2,1,26.101,53.0944
5,0.02,0.5,105,26.1173,47.5578,0,1,25.5432,35.0975
5,0.02,0.5,105,26.1173,43.5093,1,1,25.5432,55.6751
5,0.02,0.5,105,26.1173,43.9161,2,1,25.5432,53.086
5,0.02,0.5,110,22.2456,43.9243,0,1,24.5414,35.1368
5,0.02,0.5,110,22.2456,43.7306,1,1,24.5414,55.0545
5,0.02,0.5,110,22.2456,42.4279,2,1,24.5414,52.8876
5,0.02,0.5,120,22.5667,40.0456,0,1,23.301,35.1895
5,0.02,0.5,120,22.5667,38.8988,1,1,23.301,55.159
5,0.02,0.5,120,22.5667,39.8801,2,1,23.301,52.8326
5,0.02,0.5,150,22.605,367.783,0,1,19.9015,35.3974
5,0.02,0.5,150,22.605,32.7182,1,1,19.9015,55.0619
5,0.02,0.5,150,22.605,32.9032,2,1,19.9015,53.0683
5,0.02,0.5,98,32.2456,34.9258,0,0,33.5713,35.6663
5,0.02,0.5,98,32.2456,66.609,1,0,33.5713,55.1213
5,0.02,0.5,98,32.2456,66.9114,2,0,33.5713,53.2322
5,0.02,0.5,95,30.4789,32.4702,0,0,32.9712,35.3525
5,0.02,0.5,95,30.4789,65.4612,1,0,32.9712,55.5237
5,0.02,0.5,95,30.4789,64.3023,2,0,32.9712,52.7877
5,0.02,0.5,90,27.5417,29.8187,0,0,31.9201,36.6037
5,0.02,0.5,90,27.5417,60.945,1,0,31.9201,55.4129
5,0.02,0.5,90,27.5417,61.1789,2,0,31.9201,54.4256
5,0.02,0.5,80,22.4399,23.5791,0,0,29.9098,36.5902
5,0.02,0.5,80,22.4399,54.3973,1,0,29.9098,55.9048
5,0.02,0.5,80,22.4399,54.8133,2,0,29.9098,53.9139
5,0.02,0.5,50,8.73762,9.43762,0,0,22.2921,35.2578
5,0.02,0.5,50,8.73762,34.0483,1,0,22.2921,55.153
5,0.02,0.5,50,8.73762,33.8883,2,0,22.2921,52.8653
5,0.03,0.1,102,16.1796,15.6022,0,1,32.8796,24.0987
5,0.03,0.1,102,16.1796,15.7661,1,1,32.8796,36.6161
5,0.03,0.1,102,16.1796,15.9187,2,1,32.8796,32.6844
5,0.03,0.1,105,13.5674,14.3873,0,1,29.9032,24.0348
5,0.03,0.1,105,13.5674,14.3581,1,1,29.9032,36.4814
5,0.03,0.1,105,13.5674,14.0334,2,1,29.9032,33.5944
5,0.03,0.1,110,10.8932,11.6095,0,1,25.9474,24.0395
5,0.03,0.1,110,10.8932,11.4314,1,1,25.9474,36.5931
5,0.03,0.1,110,10.8932,11.5719,2,1,25.9474,33.4901
5,0.03,0.1,120,6.58283,7.57942,0,1,20.188,24.2876
5,0.03,0.1,120,6.58283,7.60007,1,1,20.188,36.54
5,0.03,0.1,120,6.58283,7.64785,2,1,20.188,33.0742
5,0.03,0.1,150,1.32832,1.67497,0,1,10.6506,24.0255
5,0.03,0.1,150,1.32832,1.61332,1,1,10.6506,36.5216
5,0.03,0.1,150,1.32832,1.55547,2,1,10.6506,33.3994
5,0.03,0.1,98,4.18945,2.62255,0,0,23.9998,24.3594
5,0.03,0.1,98,4.18945,27.9671,1,0,23.9998,36.5655
5,0.03,0.1,98,4.18945,27.4771,2,0,23.9998,32.7681
5,0.03,0.1,95,3.03001,2.47658,0,0,21.4256,24.4647
5,0.03,0.1,95,3.03001,27.8614,1,0,21.4256,36.8993
5,0.03,0.1,95,3.03001,27.9564,2,0,21.4256,33.5183
5,0.03,0.1,90,1.65503,1.22013,0,0,18.1395,24.0629
5,0.03,0.1,90,1.65503,25.0271,1,0,18.1395,36.1829
5,0.03,0.1,90,1.65503,26.314,2,0,18.1395,33.3376
5,0.03,0.1,80,0.552403,0.338329,0,0,13.4486,24.1726
5,0.03,0.1,80,0.552403,22.8063,1,0,13.4486,36.43
5,0.03,0.1,80,0.552403,22.8703,2,0,13.4486,33.1644
5,0.03,0.1,50,4.06222e-05,0.192595,0,0,3.55808,4.80544
5,0.03,0.1,50,4.06222e-05,0.294978,1,0,3.55808,5.09564
5,0.03,0.1,50,4.06222e-05,0.294978,2,0,3.55808,5.02501
5,0.03,0.2,102,22.2608,23.3529,0,1,30.3063,29.0869
5,0.03,0.2,102,22.2608,23.3615,1,1,30.3063,44.5225
5,0.03,0.2,102,22.2608,23.5801,2,1,30.3063,41.7943
5,0.03,0.2,105,20.6699,21.76,0,1,28.6097,29.0917
5,0.03,0.2,105,20.6699,21.6502,1,1,28.6097,44.5766
5,0.03,0.2,105,20.6699,21.625,2,1,28.6097,41.9631
5,0.03,0.2,110,17.7027,19.7359,0,1,26.643,29.2721
5,0.03,0.2,110,17.7027,20.1601,1,1,26.643,44.5675
5,0.03,0.2,110,17.7027,20.0421,2,1,26.643,41.4794
5,0.03,0.2,120,13.8904,16.7717,0,1,22.7889,28.8632
5,0.03,0.2,120,13.8904,17.0399,1,1,22.7889,44.4479
5,0.03,0.2,120,13.8904,16.3402,2,1,22.7889,41.7788
5,0.03,0.2,150,7.11249,8.88679,0,1,16.5161,29.6325
5,0.03,0.2,150,7.11249,8.50574,1,1,16.5161,44.8016
5,0.03,0.2,150,7.11249,8.73726,2,1,16.5161,41.7718
5,0.03,0.2,98,12.1329,9.34829,0,0,28.4088,28.8972
5,0.03,0.2,98,12.1329,44.1359,1,0,28.4088,44.213
5,0.03,0.2,98,12.1329,45.0767,2,0,28.4088,41.9179
5,0.03,0.2,95,10.5911,8.46814,0,0,26.751,28.9416
5,0.03,0.2,95,10.5911,43.0033,1,0,26.751,44.3939
5,0.03,0.2,95,10.5911,42.3858,2,0,26.751,41.2902
5,0.03,0.2,90,8.48856,6.71613,0,0,24.5081,28.9662
5,0.03,0.2,90,8.48856,41.2619,1,0,24.5081,44.6648
5,0.03,0.2,90,8.48856,40.7219,2,0,24.5081,41.603
5,0.03,0.2,80,4.84316,36.4693,1,0,20.1678,44.5337
5,0.03,0.2,80,4.84316,4.07176,0,0,20.1678,28.8397
5,0.03,0.2,80,4.84316,36.3893,2,0,20.1678,41.5605
5,0.03,0.2,50,0.382751,0.32856,0,0,9.94596,28.8466
5,0.03,0.2,50,0.382751,23.1583,1,0,9.94596,44.8985
5,0.03,0.2,50,0.382751,22.8533,2,0,9.94596,41.6675
5,0.03,0.3,102,22.8322,32.2538,0,1,28.7086,31.1758
5,0.03,0.3,102,22.8322,31.6668,1,1,28.7086,48.8396
5,0.03,0.3,102,22.8322,32.2033,2,1,28.7086,46.0952
5,0.03,0.3,105,21.3914,30.5364,1,1,27.6119,48.8614
5,0.03,0.3,105,21.3914,30.604,0,1,27.6119,31.4043
5,0.03,0.3,105,21.3914,30.1722,2,1,27.6119,46.2469
5,0.03,0.3,110,17.829,28.1548,0,1,26.2249,31.3772
5,0.03,0.3,110,17.829,28.007,1,1,26.2249,48.8612
5,0.03,0.3,110,17.829,27.7567,2,1,26.2249,46.4417
5,0.03,0.3,120,16.288,25.5429,0,1,23.7934,31.6514
5,0.03,0.3,120,16.288,24.6481,1,1,23.7934,48.5642
5,0.03,0.3,120,16.288,24.9127,2,1,23.7934,46.241
5,0.03,0.3,150,12.2854,17.8385,0,1,18.6041,31.4711
5,0.03,0.3,150,12.2854,17.3543,1,1,18.6041,48.6421
5,0.03,0.3,150,12.2854,16.4801,2,1,18.6041,46.4722
5,0.03,0.3,98,18.9861,17.0434,0,0,30.4815,31.3518
5,0.03,0.3,98,18.9861,52.5538,1,0,30.4815,48.3894
5,0.03,0.3,98,18.9861,53.2885,2,0,30.4815,46.1626
5,0.03,0.3,95,17.5811,15.7203,0,0,29.5147,31.6405
5,0.03,0.3,95,17.5811,52.6735,1,0,29.5147,49.158
5,0.03,0.3,95,17.5811,52.7115,2,0,29.5147,46.659
5,0.03,0.3,90,14.7737,13.5467,0,0,27.6872,31.4785
5,0.03,0.3,90,14.7737,49.1723,1,0,27.6872,48.7841
5,0.03,0.3,90,14.7737,48.8573,2,0,27.6872,46.1432
5,0.03,0.3,80,10.8269,9.84344,0,0,24.23,31.723
5,0.03,0.3,80,10.8269,43.0288,1,0,24.23,48.4464
5,0.03,0.3,80,10.8269,43.4767,2,0,24.23,46.1104
5,0.03,0.3,50,2.32102,2.07516,0,0,15.2872,31.3912
5,0.03,0.3,50,2.32102,27.5429,1,0,15.2872,49.0511
5,0.03,0.3,50,2.32102,26.803,2,0,15.2872,45.7252
5,0.03,0.4,102,24.8804,38.1161,0,1,27.592,33.3749
5,0.03,0.4,102,24.8804,39.3415,1,1,27.592,51.6734
5,0.03,0.4,102,24.8804,38.8347,2,1,27.592,49.3946
5,0.03,0.4,105,22.7441,39.4264,0,1,26.6874,33.2996
5,0.03,0.4,105,22.7441,38.9475,1,1,26.6874,51.5493
5,0.03,0.4,105,22.7441,38.6184,2,1,26.6874,49.5806
5,0.03,0.4,110,23.5809,34.0587,0,1,25.628,33.2681
5,0.03,0.4,110,23.5809,37.7515,1,1,25.628,51.9361
5,0.03,0.4,110,23.5809,36.176,2,1,25.628,49.4133
5,0.03,0.4,120,19.4009,33.2436,0,1,23.874,33.2278
5,0.03,0.4,120,19.4009,32.4466,1,1,23.874,52.0718
5,0.03,0.4,120,19.4009,32.769,2,1,23.874,49.3531
5,0.03,0.4,150,18.2783,26.3023,0,1,19.7943,33.4227
5,0.03,0.4,150,18.2783,26.8842,1,1,19.7943,51.4947
5,0.03,0.4,150,18.2783,26.5959,2,1,19.7943,49.012
5,0.03,0.4,98,24.5497,24.6531,0,0,32.0802,33.4289
5,0.03,0.4,98,24.5497,59.8254,2,0,32.0802,49.4522
5,0.03,0.4,98,24.5497,60.0603,1,0,32.0802,52.0004
5,0.03,0.4,95,22.5546,22.9555,0,0,30.9948,33.9299
5,0.03,0.4,95,22.5546,57.1287,1,0,30.9948,51.4726
5,0.03,0.4,95,22.5546,57.4137,2,0,30.9948,49.1516
5,0.03,0.4,90,20.3243,20.8166,0,0,29.754,33.6561
5,0.03,0.4,90,20.3243,55.2919,1,0,29.754,51.878
5,0.03,0.4,90,20.3243,55.1119,2,0,29.754,49.5652
5,0.03,0.4,80,15.9287,16.1023,0,0,27.9801,34.112
5,0.03,0.4,80,15.9287,48.5164,1,0,27.9801,51.6094
5,0.03,0.4,80,15.9287,48.8123,2,0,27.9801,49.4523
5,0.03,0.4,50,5.07754,5.45388,0,0,18.9251,33.5197
5,0.03,0.4,50,5.07754,31.0477,1,0,18.9251,52.2565
5,0.03,0.4,50,5.07754,30.4327,2,0,18.9251,49.4288
5,0.03,0.5,102,25.0796,48.8274,0,1,26.3136,34.6782
5,0.03,0.5,102,25.0796,46.4154,1,1,26.3136,54.3488
5,0.03,0.5,102,25.0796,46.4196,2,1,26.3136,52.1149
5,0.03,0.5,105,26.3477,45.6689,0,1,25.7903,34.5808
5,0.03,0.5,105,26.3477,46.0352,1,1,25.7903,54.3257
5,0.03,0.5,105,26.3477,45.2441,2,1,25.7903,51.3833
5,0.03,0.5,110,27.4365,45.2571,2,1,25.1836,51.918
5,0.03,0.5,110,27.4365,45.2858,1,1,25.1836,54.2618
5,0.03,0.5,110,27.4365,44.8106,0,1,25.1836,35.0698
5,0.03,0.5,120,22.8002,4.75012e+26,0,1,23.4113,34.9938
5,0.03,0.5,120,22.8002,40.1864,1,1,23.4113,54.1879
5,0.03,0.5,120,22.8002,42.0553,2,1,23.4113,52.2193
5,0.03,0.5,150,22.9203,37.1857,0,1,20.3019,34.5804
5,0.03,0.5,150,22.9203,35.8958,1,1,20.3019,54.4125
5,0.03,0.5,150,22.9203,34.8399,2,1,20.3019,52.1793
5,0.03,0.5,98,30.5203,31.9967,0,0,33.274,35.217
5,0.03,0.5,98,30.5203,64.1671,1,0,33.274,53.8961
5,0.03,0.5,98,30.5203,65.7438,2,0,33.274,52.6512
5,0.03,0.5,95,29.1265,30.2937,0,0,32.6983,34.9834
5,0.03,0.5,95,29.1265,62.7143,1,0,32.6983,54.2448
5,0.03,0.5,95,29.1265,63.1039,2,0,32.6983,52.1955
5,0.03,0.5,90,26.1595,27.4217,0,0,31.355,35.1803
5,0.03,0.5,90,26.1595,60.3135,1,0,31.355,54.5245
5,0.03,0.5,90,26.1595,59.4045,2,0,31.355,51.934
5,0.03,0.5,80,20.9564,53.124,1,0,29.4944,54.2822
5,0.03,0.5,80,20.9564,53.356,2,0,29.4944,52.3984
5,0.03,0.5,80,20.9564,22.1758,0,0,29.4944,35.066
5,0.03,0.5,50,8.02119,8.71047,0,0,21.8189,34.9889
5,0.03,0.5,50,8.02119,32.9325,1,0,21.8189,54.3821
5,0.03,0.5,50,8.02119,33.3275,2,0,21.8189,52.3198
5,0.05,0.1,102,21.9967,21.929,0,1,35.9965,20.4159
5,0.05,0.1,102,21.9967,22.1627,1,1,35.9965,30.3944
5,0.05,0.1,102,21.9967,22.0637,2,1,35.9965,26.5789
5,0.05,0.1,105,19.98,20.3218,0,1,33.2083,20.346
5,0.05,0.1,105,19.98,20.2657,1,1,33.2083,30.0832
5,0.05,0.1,105,19.98,20.4405,2,1,33.2083,26.4101
5,0.05,0.1,110,16.8634,17.5035,0,1,29.3906,20.0471
5,0.05,0.1,110,16.8634,17.3072,1,1,29.3906,30.6097
5,0.05,0.1,110,16.8634,17.1493,2,1,29.3906,26.6724
5,0.05,0.1,120,11.5734,12.1114,0,1,23.158,20.3701
5,0.05,0.1,120,11.5734,12.0277,2,1,23.158,26.4192
5,0.05,0.1,120,11.5734,12.1849,1,1,23.158,30.427
5,0.05,0.1,150,3.01933,3.37853,0,1,12.2932,20.1311
5,0.05,0.1,150,3.01933,3.50038,1,1,12.2932,30.28
5,0.05,0.1,150,3.01933,3.46598,2,1,12.2932,26.4188
5,0.05,0.1,98,2.93027,1.23405,0,0,21.204,20.1801
5,0.05,0.1,98,2.93027,15.2567,1,0,21.204,30.2162
5,0.05,0.1,98,2.93027,15.2763,2,0,21.204,26.3073
5,0.05,0.1,95,1.81614,14.9701,2,0,18.9712,26.4772
5,0.05,0.1,95,1.81614,1.19425,0,0,18.9712,20.3063
5,0.05,0.1,95,1.81614,14.6282,1,0,18.9712,30.1191
5,0.05,0.1,90,0.972306,0.459668,0,0,16.5706,20.4594
5,0.05,0.1,90,0.972306,14.6952,1,0,16.5706,30.6066
5,0.05,0.1,90,0.972306,14.1462,2,0,16.5706,26.5012
5,0.05,0.1,80,0.214722,0.132023,0,0,10.3442,20.3371
5,0.05,0.1,80,0.214722,12.4464,1,0,10.3442,29.8314
5,0.05,0.1,80,0.214722,12.6384,2,0,10.3442,26.1823
5,0.05,0.1,50,1.79093e-08,0,0,0,3.54407,4.45801
5,0.05,0.1,50,1.79093e-08,0,1,0,3.54407,4.47104
5,0.05,0.1,50,1.79093e-08,0,2,0,3.54407,4.50333
5,0.05,0.2,102,29.0295,27.8474,0,1,32.0318,26.6576
5,0.05,0.2,102,29.0295,28.1615,1,1,32.0318,40.1922
5,0.05,0.2,102,29.0295,28.4287,2,1,32.0318,37.3452
5,0.05,0.2,105,25.8895,27.2513,0,1,30.4519,26.4497
5,0.05,0.2,105,25.8895,27.1003,1,1,30.4519,40.3386
5,0.05,0.2,105,25.8895,25.9358,2,1,30.4519,37.603
5,0.05,0.2,110,23.1218,24.3961,0,1,28.3703,26.6508
5,0.05,0.2,110,23.1218,25.6487,1,1,28.3703,39.9686
5,0.05,0.2,110,23.1218,25.6549,2,1,28.3703,36.688
5,0.05,0.2,120,17.6891,20.4071,0,1,24.6207,26.6657
5,0.05,0.2,120,17.6891,20.7857,1,1,24.6207,40.6416
5,0.05,0.2,120,17.6891,20.4716,2,1,24.6207,37.2345
5,0.05,0.2,150,8.39923,11.2138,1,1,17.9948,41.166
5,0.05,0.2,150,8.39923,11.7167,0,1,17.9948,26.8005
5,0.05,0.2,150,8.39923,11.754,2,1,17.9948,37.7233
5,0.05,0.2,98,9.983,6.52979,0,0,26.6025,26.707
5,0.05,0.2,98,9.983,36.5005,1,0,26.6025,40.6077
5,0.05,0.2,98,9.983,36.3633,2,0,26.6025,37.318
5,0.05,0.2,95,8.81257,5.57428,0,0,25.2617,26.4314
5,0.05,0.2,95,8.81257,34.9366,1,0,25.2617,40.4252
5,0.05,0.2,95,8.81257,34.3477,2,0,25.2617,36.8102
5,0.05,0.2,90,6.56851,5.245,0,0,22.7764,26.7105
5,0.05,0.2,90,6.56851,32.9179,1,0,22.7764,40.2631
5,0.05,0.2,90,6.56851,33.1969,2,0,22.7764,37.2344
5,0.05,0.2,80,3.59032,2.79404,0,0,18.9191,26.4375
5,0.05,0.2,80,3.59032,29.3803,1,0,18.9191,40.3953
5,0.05,0.2,80,3.59032,29.5563,2,0,18.9191,37.2559
5,0.05,0.2,50,0.223822,0.183804,0,0,8.26035,26.495
5,0.05,0.2,50,0.223822,18.5827,1,0,8.26035,40.6187
5,0.05,0.2,50,0.223822,17.9128,2,0,8.26035,36.3456
5,0.05,0.3,102,28.1323,35.4351,0,1,29.985,29.9887
5,0.05,0.3,102,28.1323,34.1148,1,1,29.985,46.0102
5,0.05,0.3,102,28.1323,36.6531,2,1,29.985,42.8793
5,0.05,0.3,105,27.0563,34.7786,0,1,28.9424,30.0273
5,0.05,0.3,105,27.0563,34.5926,1,1,28.9424,45.4299
5,0.05,0.3,105,27.0563,34.509,2,1,28.9424,43.0645
5,0.05,0.3,110,25.5048,32.2218,0,1,27.2286,29.8129
5,0.05,0.3,110,25.5048,32.7642,1,1,27.2286,45.6817
5,0.05,0.3,110,25.5048,32.4774,2,1,27.2286,43.3246
5,0.05,0.3,120,21.6749,28.4805,0,1,24.9773,29.5209
5,0.05,0.3,120,21.6749,28.7475,1,1,24.9773,45.9663
5,0.05,0.3,120,21.6749,28.1279,2,1,24.9773,43.2899
5,0.05,0.3,150,13.6899,20.6401,0,1,19.5981,30.1778
5,0.05,0.3,150,13.6899,21.458,1,1,19.5981,46.2799
5,0.05,0.3,150,13.6899,20.6871,2,1,19.5981,43.6262
5,0.05,0.3,98,16.6334,12.9781,0,0,29.4495,29.7446
5,0.05,0.3,98,16.6334,47.5339,1,0,29.4495,45.9321
5,0.05,0.3,98,16.6334,47.4458,2,0,29.4495,43.0915
5,0.05,0.3,95,15.1491,11.8832,0,0,28.2125,29.7888
5,0.05,0.3,95,15.1491,46.5252,1,0,28.2125,46.1512
5,0.05,0.3,95,15.1491,46.6392,2,0,28.2125,43.4148
5,0.05,0.3,90,12.59,10.4485,0,0,26.229,29.8808
5,0.05,0.3,90,12.59,43.4466,1,0,26.229,45.7627
5,0.05,0.3,90,12.59,43.9235,2,0,26.229,43.2775
5,0.05,0.3,80,8.96311,7.18965,0,0,23.2438,29.8177
5,0.05,0.3,80,8.96311,38.8111,1,0,23.2438,45.8528
5,0.05,0.3,80,8.96311,39.0911,2,0,23.2438,43.3389
5,0.05,0.3,50,1.74789,1.46833,0,0,14.6251,29.8205
5,0.05,0.3,50,1.74789,24.4569,1,0,14.6251,45.996
5,0.05,0.3,50,1.74789,24.127,2,0,14.6251,43.0114
5,0.05,0.4,102,28.484,42.555,0,1,28.4909,31.9268
5,0.05,0.4,102,28.484,42.483,1,1,28.4909,50.0543
5,0.05,0.4,102,28.484,41.4508,2,1,28.4909,47.2017
5,0.05,0.4,105,27.9761,39.9416,0,1,27.6436,32.1947
5,0.05,0.4,105,27.9761,42.0285,1,1,27.6436,49.7304
5,0.05,0.4,105,27.9761,42.5686,2,1,27.6436,47.1449
5,0.05,0.4,110,21.1771,40.5209,0,1,26.6135,32.0185
5,0.05,0.4,110,21.1771,39.2486,1,1,26.6135,50.4419
5,0.05,0.4,110,21.1771,38.003,2,1,26.6135,47.5145
5,0.05,0.4,120,20.2232,38.0825,0,1,24.4244,32.1853
5,0.05,0.4,120,20.2232,37.5294,1,1,24.4244,49.5364
5,0.05,0.4,120,20.2232,37.3096,2,1,24.4244,47.241
5,0.05,0.4,150,19.56,28.6434,0,1,20.5461,32.009
5,0.05,0.4,150,19.56,28.9133,1,1,20.5461,49.6181
5,0.05,0.4,150,19.56,27.7668,2,1,20.5461,47.8304
5,0.05,0.4,98,22.2113,19.8445,0,0,31.3119,32.1534
5,0.05,0.4,98,22.2113,55.2562,1,0,31.3119,49.6711
5,0.05,0.4,98,22.2113,56.0498,2,0,31.3119,47.5386
5,0.05,0.4,95,20.6811,18.665,0,0,30.3779,32.3351
5,0.05,0.4,95,20.6811,53.9913,1,0,30.3779,50.3259
5,0.05,0.4,95,20.6811,53.8868,2,0,30.3779,47.3055
5,0.05,0.4,90,18.279,16.5416,0,0,29.0675,32.1299
5,0.05,0.4,90,18.279,51.1586,1,0,29.0675,49.7806
5,0.05,0.4,90,18.279,50.6727,2,0,29.0675,47.1136
5,0.05,0.4,80,13.8321,12.722,0,0,26.2434,32.1085
5,0.05,0.4,80,13.8321,45.1784,1,0,26.2434,49.6105
5,0.05,0.4,80,13.8321,44.9144,2,0,26.2434,47.2254
5,0.05,0.4,50,4.2673,4.20996,0,0,18.214,32.2485
5,0.05,0.4,50,4.2673,28.2715,1,0,18.214,49.7197
5,0.05,0.4,50,4.2673,28.4514,2,0,18.214,47.3737
5,0.05,0.5,102,29.4799,47.6299,0,1,27.1819,34.0833
5,0.05,0.5,102,29.4799,51.0174,1,1,27.1819,53.6934
5,0.05,0.5,102,29.4799,49.6684,2,1,27.1819,50.5134
5,0.05,0.5,105,24.9853,48.7236,0,1,26.3708,34.1204
5,0.05,0.5,105,24.9853,50.2299,1,1,26.3708,52.4283
5,0.05,0.5,105,24.9853,47.9026,2,1,26.3708,50.4914
5,0.05,0.5,110,26.0178,45.1104,1,1,25.6339,52.9997
5,0.05,0.5,110,26.0178,46.97,2,1,25.6339,50.463
5,0.05,0.5,110,26.0178,46.4805,0,1,25.6339,33.9513
5,0.05,0.5,120,23.6312,1.44498e+23,0,1,23.8458,33.9588
5,0.05,0.5,120,23.6312,45.6162,1,1,23.8458,52.5625
5,0.05,0.5,120,23.6312,43.491,2,1,23.8458,50.8332
5,0.05,0.5,150,22.8657,37.8922,0,1,20.8488,33.9161
5,0.05,0.5,150,22.8657,36.9339,1,1,20.8488,52.8404
5,0.05,0.5,150,22.8657,40.2884,2,1,20.8488,50.1028
5,0.05,0.5,98,27.9117,26.0616,0,0,32.5084,33.9825
5,0.05,0.5,98,27.9117,61.6545,2,0,32.5084,50.3981
5,0.05,0.5,98,27.9117,61.4103,1,0,32.5084,52.5795
5,0.05,0.5,95,25.7449,59.7191,1,0,31.8252,52.595
5,0.05,0.5,95,25.7449,24.8743,0,0,31.8252,33.9626
5,0.05,0.5,95,25.7449,60.099,2,0,31.8252,50.7181
5,0.05,0.5,90,23.5538,22.1873,0,0,30.8079,33.7926
5,0.05,0.5,90,23.5538,56.5219,1,0,30.8079,52.6483
5,0.05,0.5,90,23.5538,56.378,2,0,30.8079,50.2647
5,0.05,0.5,80,19.1354,18.4187,0,0,28.7398,34.1112
5,0.05,0.5,80,19.1354,50.6417,1,0,28.7398,52.7472
5,0.05,0.5,80,19.1354,50.4497,2,0,28.7398,50.5396
5,0.05,0.5,50,7.00519,6.78502,0,0,21.4299,33.9908
5,0.05,0.5,50,7.00519,31.751,1,0,21.4299,52.8591
5,0.05,0.5,50,7.00519,31.701,2,0,21.4299,50.7412
5,0.1,0.1,102,37.5634,38.613,0,1,40.9513,13.0109
5,0.1,0.1,102,37.5634,inf,1,1,40.9513,16.6051
5,0.1,0.1,102,37.5634,inf,2,1,40.9513,14.1329
5,0.1,0.1,105,36.1356,36.3596,0,1,39.1915,13.3089
5,0.1,0.1,105,36.1356,inf,1,1,39.1915,15.5469
5,0.1,0.1,105,36.1356,inf,2,1,39.1915,13.214
5,0.1,0.1,110,32.8165,34.2488,0,1,36.0574,13.3495
5,0.1,0.1,110,32.8165,inf,1,1,36.0574,18.0494
5,0.1,0.1,110,32.8165,inf,2,1,36.0574,14.105
5,0.1,0.1,120,27.6589,28.3514,0,1,30.5371,12.7966
5,0.1,0.1,120,27.6589,inf,1,1,30.5371,17.147
5,0.1,0.1,120,27.6589,inf,2,1,30.5371,13.9464
5,0.1,0.1,150,14.7782,13.8833,0,1,18.4415,13.4217
5,0.1,0.1,150,14.7782,inf,1,1,18.4415,17.1514
5,0.1,0.1,150,14.7782,inf,2,1,18.4415,13.9717
5,0.1,0.1,98,1.40955,0.0496702,0,0,16.6615,12.3217
5,0.1,0.1,98,1.40955,1.74396,1,0,16.6615,17.4839
5,0.1,0.1,98,1.40955,1.63619,2,0,16.6615,13.8336
5,0.1,0.1,95,0.743745,0.036454,0,0,14.7262,12.8106
5,0.1,0.1,95,0.743745,1.52912,1,0,14.7262,16.1175
5,0.1,0.1,95,0.743745,1.30117,2,0,14.7262,12.0671
5,0.1,0.1,90,0.245155,0.0220464,0,0,9.88985,10.9708
5,0.1,0.1,90,0.245155,1.10672,1,0,9.88985,13.6726
5,0.1,0.1,90,0.245155,1.00775,2,0,9.88985,10.7329
5,0.1,0.1,80,0.00807621,0.135966,1,0,4.33969,5.6013
5,0.1,0.1,80,0.00807621,0.00203698,0,0,4.33969,6.08764
5,0.1,0.1,80,0.00807621,0.167958,2,0,4.33969,5.55886
5,0.1,0.1,50,0,0,0,0,3.5299,4.44457
5,0.1,0.1,50,0,0,1,0,3.5299,4.48317
5,0.1,0.1,50,0,0,2,0,3.5299,4.48295
5,0.1,0.2,102,40.4817,41.3596,1,1,36.0086,31.8537
5,0.1,0.2,102,40.4817,40.0816,2,1,36.0086,27.8038
5,0.1,0.2,102,40.4817,40.7495,0,1,36.0086,21.0038
5,0.1,0.2,105,38.7397,39.6667,0,1,34.7181,20.8241
5,0.1,0.2,105,38.7397,39.3638,1,1,34.7181,31.6711
5,0.1,0.2,105,38.7397,38.8783,2,1,34.7181,28.0427
5,0.1,0.2,110,36.2598,36.7728,0,1,32.7706,21.1112
5,0.1,0.2,110,36.2598,37.493,1,1,32.7706,31.519
5,0.1,0.2,110,36.2598,37.3148,2,1,32.7706,28.0065
5,0.1,0.2,120,30.9236,32.4318,0,1,28.9395,20.8542
5,0.1,0.2,120,30.9236,32.1258,1,1,28.9395,31.95
5,0.1,0.2,120,30.9236,33.2594,2,1,28.9395,28.125
5,0.1,0.2,150,20.4197,22.3098,0,1,20.9314,21.2281
5,0.1,0.2,150,20.4197,21.2578,2,1,20.9314,27.594
5,0.1,0.2,150,20.4197,20.7608,1,1,20.9314,31.9107
5,0.1,0.2,98,6.24416,2.08025,0,0,22.4564,21.3014
5,0.1,0.2,98,6.24416,17.7728,1,0,22.4564,31.7898
5,0.1,0.2,98,6.24416,18.7721,2,0,22.4564,28.2567
5,0.1,0.2,95,5.13916,1.86331,0,0,21.2093,21.353
5,0.1,0.2,95,5.13916,17.9505,1,0,21.2093,31.8791
5,0.1,0.2,95,5.13916,17.998,2,0,21.2093,28.2847
5,0.1,0.2,90,3.72129,1.43321,0,0,19.4515,21.148
5,0.1,0.2,90,3.72129,16.088,1,0,19.4515,32.2819
5,0.1,0.2,90,3.72129,16.7448,2,0,19.4515,28.0119
5,0.1,0.2,80,1.72103,0.671913,0,0,16.6207,21.0504
5,0.1,0.2,80,1.72103,14.8843,1,0,16.6207,31.7648
5,0.1,0.2,80,1.72103,14.4124,2,0,16.6207,27.6584
5,0.1,0.2,50,0.0450713,0.187679,0,0,4.96608,18.4834
5,0.1,0.2,50,0.0450713,7.90302,1,0,4.96608,27.1847
5,0.1,0.2,50,0.0450713,7.75306,2,0,4.96608,23.8892
5,0.1,0.3,102,38.4496,45.4438,0,1,32.9118,25.5658
5,0.1,0.3,102,38.4496,45.8869,1,1,32.9118,39.0738
5,0.1,0.3,102,38.4496,45.3935,2,1,32.9118,35.8936
5,0.1,0.3,105,38.8502,44.8964,0,1,31.8896,25.4596
5,0.1,0.3,105,38.8502,44.5687,1,1,31.8896,39.4874
5,0.1,0.3,105,38.8502,44.2688,2,1,31.8896,35.7321
5,0.1,0.3,110,35.4104,41.3155,0,1,30.2868,25.6328
5,0.1,0.3,110,35.4104,42.5223,1,1,30.2868,38.8644
5,0.1,0.3,110,35.4104,40.7584,2,1,30.2868,35.8832
5,0.1,0.3,120,34.6576,37.6244,2,1,27.7557,36.5498
5,0.1,0.3,120,34.6576,38.7444,0,1,27.7557,25.7239
5,0.1,0.3,120,34.6576,39.2659,1,1,27.7557,38.6739
5,0.1,0.3,150,22.1157,29.4163,0,1,21.9572,25.7043
5,0.1,0.3,150,22.1157,30.2584,1,1,21.9572,39.1237
5,0.1,0.3,150,22.1157,28.6428,2,1,21.9572,35.5804
5,0.1,0.3,98,12.2276,32.7729,2,0,26.4151,35.5162
5,0.1,0.3,98,12.2276,32.8806,1,0,26.4151,38.8008
5,0.1,0.3,98,12.2276,6.35956,0,0,26.4151,25.7521
5,0.1,0.3,95,10.9691,5.60287,0,0,25.2735,25.7397
5,0.1,0.3,95,10.9691,32.6528,1,0,25.2735,39.2059
5,0.1,0.3,95,10.9691,32.2824,2,0,25.2735,35.703
5,0.1,0.3,90,8.83306,4.82385,0,0,23.5102,25.8445
5,0.1,0.3,90,8.83306,30.7093,1,0,23.5102,39.0628
5,0.1,0.3,90,8.83306,30.7903,2,0,23.5102,35.9145
5,0.1,0.3,80,5.63946,3.46181,0,0,20.5821,25.9284
5,0.1,0.3,80,5.63946,27.0092,1,0,20.5821,38.8727
5,0.1,0.3,80,5.63946,27.2412,2,0,20.5821,35.7729
5,0.1,0.3,50,0.962403,0.539069,0,0,13.4293,25.7426
5,0.1,0.3,50,0.962403,16.7708,1,0,13.4293,38.889
5,0.1,0.3,50,0.962403,17.0657,2,0,13.4293,35.7469
5,0.1,0.4,102,36.1006,50.1893,0,1,30.5972,29.0462
5,0.1,0.4,102,36.1006,50.6148,1,1,30.5972,44.4589
5,0.1,0.4,102,36.1006,51.5105,2,1,30.5972,41.0808
5,0.1,0.4,105,31.6199,50.9169,0,1,29.8636,28.9489
5,0.1,0.4,105,31.6199,50.4571,1,1,29.8636,44.6482
5,0.1,0.4,105,31.6199,50.7216,2,1,29.8636,41.4941
5,0.1,0.4,110,28.3482,48.8937,0,1,28.794,29.0017
5,0.1,0.4,110,28.3482,47.1808,1,1,28.794,44.6005
5,0.1,0.4,110,28.3482,46.9538,2,1,28.794,41.8677
5,0.1,0.4,120,28.1116,6.45722e+19,0,1,26.6447,28.9921
5,0.1,0.4,120,28.1116,45.6482,1,1,26.6447,44.6172
5,0.1,0.4,120,28.1116,44.7011,2,1,26.6447,41.6832
5,0.1,0.4,150,21.4252,72.1562,0,1,22.0448,28.989
5,0.1,0.4,150,21.4252,36.529,1,1,22.0448,44.6417
5,0.1,0.4,150,21.4252,37.7054,2,1,22.0448,41.8365
5,0.1,0.4,98,17.5813,11.5501,0,0,28.8701,29.0162
5,0.1,0.4,98,17.5813,44.54,1,0,28.8701,44.5064
5,0.1,0.4,98,17.5813,44.3734,2,0,28.8701,41.475
5,0.1,0.4,95,16.1728,10.5124,0,0,28.0219,29.0667
5,0.1,0.4,95,16.1728,43.5371,1,0,28.0219,44.7106
5,0.1,0.4,95,16.1728,43.5941,2,0,28.0219,41.7283
5,0.1,0.4,90,13.9697,9.2613,0,0,26.616,28.9674
5,0.1,0.4,90,13.9697,40.4089,1,0,26.616,44.1474
5,0.1,0.4,90,13.9697,41.4256,2,0,26.616,41.8624
5,0.1,0.4,80,10.3465,6.90819,0,0,24.1257,29.022
5,0.1,0.4,80,10.3465,36.4389,1,0,24.1257,44.4397
5,0.1,0.4,80,10.3465,35.807,2,0,24.1257,41.1927
5,0.1,0.4,50,2.79713,2.13707,0,0,16.8458,29.0392
5,0.1,0.4,50,2.79713,23.0742,1,0,16.8458,44.8417
5,0.1,0.4,50,2.79713,23.0992,2,0,16.8458,42.0028
5,0.1,0.5,102,35.6505,56.0171,0,1,29.1898,31.362
5,0.1,0.5,102,35.6505,58.7394,1,1,29.1898,48.5602
5,0.1,0.5,102,35.6505,55.1941,2,1,29.1898,46.2538
5,0.1,0.5,105,31.7429,55.5183,2,1,28.2372,46.1164
5,0.1,0.5,105,31.7429,54.6093,1,1,28.2372,48.9078
5,0.1,0.5,105,31.7429,54.1095,0,1,28.2372,31.8754
5,0.1,0.5,110,35.2003,54.1964,0,1,27.4362,31.6463
5,0.1,0.5,110,35.2003,58.113,1,1,27.4362,48.9438
5,0.1,0.5,110,35.2003,52.5122,2,1,27.4362,46.2454
5,0.1,0.5,120,27.2607,51.5747,0,1,25.7086,31.5973
5,0.1,0.5,120,27.2607,51.4876,1,1,25.7086,48.4495
5,0.1,0.5,120,27.2607,51.876,2,1,25.7086,45.9012
5,0.1,0.5,150,26.5983,44.4636,0,1,22.2844,31.4702
5,0.1,0.5,150,26.5983,43.9663,1,1,22.2844,49.0034
5,0.1,0.5,150,26.5983,47.6369,2,1,22.2844,46.7981
5,0.1,0.5,98,22.7147,16.6074,0,0,30.7065,31.8445
5,0.1,0.5,98,22.7147,52.8392,1,0,30.7065,48.4644
5,0.1,0.5,98,22.7147,53.3976,2,0,30.7065,46.2619
5,0.1,0.5,95,21.2572,15.6779,0,0,30.0636,31.548
5,0.1,0.5,95,21.2572,52.2655,1,0,30.0636,49.0653
5,0.1,0.5,95,21.2572,50.6983,2,0,30.0636,45.5854
5,0.1,0.5,90,19.0674,14.1316,0,0,29.1342,31.7124
5,0.1,0.5,90,19.0674,48.6238,1,0,29.1342,48.5041
5,0.1,0.5,90,19.0674,48.7498,2,0,29.1342,46.0095
5,0.1,0.5,80,14.6979,11.2239,0,0,26.973,32.742
5,0.1,0.5,80,14.6979,43.2052,1,0,26.973,48.4968
5,0.1,0.5,80,14.6979,43.6131,2,0,26.973,46.1559
5,0.1,0.5,50,5.18861,4.16218,0,0,19.9196,31.3055
5,0.1,0.5,50,5.18861,26.9583,1,0,19.9196,48.4602
5,0.1,0.5,50,5.18861,27.4031,2,0,19.9196,46.3408
10,0.02,0.1,102,21.9312,21.5994,0,1,32.7555,24.8806
10,0.02,0.1,102,21.9312,21.6364,1,1,32.7555,37.3695
10,0.02,0.1,102,21.9312,21.7454,2,1,32.7555,34.4763
10,0.02,0.1,105,19.5393,20.0659,0,1,30.6633,24.8415
10,0.02,0.1,105,19.5393,19.7476,1,1,30.6633,37.8632
10,0.02,0.1,105,19.5393,20.37,2,1,30.6633,34.2713
10,0.02,0.1,110,17.0393,17.3554,0,1,27.7618,24.8986
10,0.02,0.1,110,17.0393,17.2957,1,1,27.7618,38.1336
10,0.02,0.1,110,17.0393,17.6561,2,1,27.7618,34.2319
10,0.02,0.1,120,11.9244,13.5347,0,1,22.8445,25.0907
10,0.02,0.1,120,11.9244,13.2149,1,1,22.8445,37.9079
10,0.02,0.1,120,11.9244,13.5372,2,1,22.8445,34.5115
10,0.02,0.1,150,4.79379,5.47631,0,1,14.7684,25.0379
10,0.02,0.1,150,4.79379,5.29381,1,1,14.7684,37.9903
10,0.02,0.1,150,4.79379,5.72738,2,1,14.7684,34.6997
10,0.02,0.1,98,6.3746,4.09799,0,0,25.024,25.0255
10,0.02,0.1,98,6.3746,30.8571,1,0,25.024,37.7889
10,0.02,0.1,98,6.3746,30.9257,2,0,25.024,34.4765
10,0.02,0.1,95,5.12492,3.38668,0,0,23.1011,24.9298
10,0.02,0.1,95,5.12492,30.4065,1,0,23.1011,37.9946
10,0.02,0.1,95,5.12492,29.656,2,0,23.1011,34.3386
10,0.02,0.1,90,3.54084,3.14844,0,0,20.4167,25.0412
10,0.02,0.1,90,3.54084,28.2932,1,0,20.4167,37.7584
10,0.02,0.1,90,3.54084,29.0401,2,0,20.4167,34.8669
10,0.02,0.1,80,1.47889,1.10134,0,0,16.193,25.3963
10,0.02,0.1,80,1.47889,25.3255,1,0,16.193,37.8691
10,0.02,0.1,80,1.47889,25.5014,2,0,16.193,34.6871
10,0.02,0.1,50,0.00699387,0.0128239,0,0,3.99825,21.7165
10,0.02,0.1,50,0.00699387,13.4137,1,0,3.99825,32.7266
10,0.02,0.1,50,0.00699387,12.2988,2,0,3.99825,27.8709
10,0.02,0.2,102,25.1665,32.1973,0,1,29.4962,30.1405
10,0.02,0.2,102,25.1665,33.1442,1,1,29.4962,46.5351
10,0.02,0.2,102,25.1665,31.138,2,1,29.4962,43.6952
10,0.02,0.2,105,20.6937,30.702,0,1,28.5475,30.2395
10,0.02,0.2,105,20.6937,30.3139,1,1,28.5475,46.7482
10,0.02,0.2,105,20.6937,30.8462,2,1,28.5475,43.8871
10,0.02,0.2,110,20.7107,29.5604,0,1,26.8724,30.1875
10,0.02,0.2,110,20.7107,30.093,1,1,26.8724,46.6157
10,0.02,0.2,110,20.7107,28.1425,2,1,26.8724,44.4245
10,0.02,0.2,120,16.5198,25.7741,1,1,24.198,46.3722
10,0.02,0.2,120,16.5198,25.3667,0,1,24.198,30.3199
10,0.02,0.2,120,16.5198,24.1938,2,1,24.198,44.3761
10,0.02,0.2,150,12.3833,17.4211,0,1,19.0583,30.4235
10,0.02,0.2,150,12.3833,18.254,1,1,19.0583,46.8241
10,0.02,0.2,150,12.3833,17.5504,2,1,19.0583,44.0184
10,0.02,0.2,98,16.5795,14.0504,0,0,29.4764,30.3535
10,0.02,0.2,98,16.5795,49.0638,1,0,29.4764,46.7372
10,0.02,0.2,98,16.5795,49.4067,2,0,29.4764,44.2786
10,0.02,0.2,95,15.3632,12.3742,0,0,28.5645,30.1312
10,0.02,0.2,95,15.3632,47.5617,1,0,28.5645,46.9265
10,0.02,0.2,95,15.3632,47.5712,2,0,28.5645,44.0958
10,0.02,0.2,90,12.56,10.6351,0,0,26.48,30.0989
10,0.02,0.2,90,12.56,45.2205,1,0,26.48,46.6568
10,0.02,0.2,90,12.56,46.1924,2,0,26.48,44.57
10,0.02,0.2,80,8.87995,7.24816,0,0,23.269,30.0674
10,0.02,0.2,80,8.87995,40.324,1,0,23.269,46.7205
10,0.02,0.2,80,8.87995,39.708,2,0,23.269,43.8205
10,0.02,0.2,50,1.6635,25.1525,1,0,14.4229,46.6802
10,0.02,0.2,50,1.6635,1.42193,0,0,14.4229,30.313
10,0.02,0.2,50,1.6635,24.9675,2,0,14.4229,44.0456
10,0.02,0.3,102,23.2446,41.8617,0,1,27.6026,33.1927
10,0.02,0.3,102,23.2446,42.9132,1,1,27.6026,51.4286
10,0.02,0.3,102,23.2446,43.1591,2,1,27.6026,48.8845
10,0.02,0.3,105,24.5547,41.9895,0,1,27.0727,33.0697
10,0.02,0.3,105,24.5547,40.2585,1,1,27.0727,51.6914
10,0.02,0.3,105,24.5547,40.4123,2,1,27.0727,49.1627
10,0.02,0.3,110,23.9513,39.3429,0,1,25.9388,33.0613
10,0.02,0.3,110,23.9513,40.05,1,1,25.9388,52.3496
10,0.02,0.3,110,23.9513,40.6887,2,1,25.9388,49.9851
10,0.02,0.3,120,22.6256,37.0533,0,1,23.9829,33.1136
10,0.02,0.3,120,22.6256,37.2976,1,1,23.9829,51.4746
10,0.02,0.3,120,22.6256,37.4297,2,1,23.9829,49.5214
10,0.02,0.3,150,19.0898,29.0876,0,1,20.2101,33.1208
10,0.02,0.3,150,19.0898,29.388,1,1,20.2101,51.7269
10,0.02,0.3,150,19.0898,28.9842,2,1,20.2101,49.4251
10,0.02,0.3,98,24.8272,23.5096,0,0,31.8511,33.1987
10,0.02,0.3,98,24.8272,59.1667,1,0,31.8511,51.4365
10,0.02,0.3,98,24.8272,59.0595,2,0,31.8511,48.9987
10,0.02,0.3,95,22.9708,22.3601,0,0,31.3194,33.4072
10,0.02,0.3,95,22.9708,57.3173,1,0,31.3194,51.4174
10,0.02,0.3,95,22.9708,57.0133,2,0,31.3194,49.0009
10,0.02,0.3,90,20.9432,19.7564,0,0,30.0098,33.2132
10,0.02,0.3,90,20.9432,54.4985,1,0,30.0098,51.5451
10,0.02,0.3,90,20.9432,55.1195,2,0,30.0098,49.5868
10,0.02,0.3,80,15.8465,15.7346,0,0,27.4236,33.3886
10,0.02,0.3,80,15.8465,48.4832,1,0,27.4236,51.4531
10,0.02,0.3,80,15.8465,47.8512,2,0,27.4236,48.8615
10,0.02,0.3,50,5.37144,5.11719,0,0,19.3661,33.3823
10,0.02,0.3,50,5.37144,29.902,1,0,19.3661,51.157
10,0.02,0.3,50,5.37144,29.692,2,0,19.3661,48.5687
10,0.02,0.4,102,27.1662,51.2927,1,1,26.0057,55.2965
10,0.02,0.4,102,27.1662,53.2359,0,1,26.0057,35.364
10,0.02,0.4,102,27.1662,52.1759,2,1,26.0057,52.8403
10,0.02,0.4,105,29.2294,51.5883,0,1,25.3282,35.2238
10,0.02,0.4,105,29.2294,53.2414,1,1,25.3282,54.5634
10,0.02,0.4,105,29.2294,50.2393,2,1,25.3282,53.2472
10,0.02,0.4,110,28.6594,47.6383,0,1,24.9546,35.1867
10,0.02,0.4,110,28.6594,49.9549,1,1,24.9546,55.4638
10,0.02,0.4,110,28.6594,52.6588,2,1,24.9546,53.0364
10,0.02,0.4,120,31.8928,50.2445,0,1,23.4889,35.2939
10,0.02,0.4,120,31.8928,49.08,1,1,23.4889,54.971
10,0.02,0.4,120,31.8928,47.9065,2,1,23.4889,52.9888
10,0.02,0.4,150,27.4141,1.6151e+20,0,1,20.443,35.2005
10,0.02,0.4,150,27.4141,39.4624,1,1,20.443,55.3292
10,0.02,0.4,150,27.4141,41.8073,2,1,20.443,53.0355
10,0.02,0.4,98,33.3865,32.9302,0,0,33.8985,35.5239
10,0.02,0.4,98,33.3865,67.2023,1,0,33.8985,55.3126
10,0.02,0.4,98,33.3865,66.8892,2,0,33.8985,53.1779
10,0.02,0.4,95,31.6652,31.5694,0,0,33.1064,35.4624
10,0.02,0.4,95,31.6652,64.603,1,0,33.1064,55.3417
10,0.02,0.4,95,31.6652,64.3846,2,0,33.1064,52.7989
10,0.02,0.4,90,29.0091,28.912,0,0,32.3588,35.5181
10,0.02,0.4,90,29.0091,61.8058,1,0,32.3588,55.3724
10,0.02,0.4,90,29.0091,61.7068,2,0,32.3588,53.3604
10,0.02,0.4,80,23.2933,23.5396,0,0,29.9951,35.3348
10,0.02,0.4,80,23.2933,55.0025,1,0,29.9951,55.353
10,0.02,0.4,80,23.2933,54.6105,2,0,29.9951,53.0874
10,0.02,0.4,50,9.45263,10.0863,0,0,23.2838,35.323
10,0.02,0.4,50,9.45263,34.0916,1,0,23.2838,55.0949
10,0.02,0.4,50,9.45263,33.7116,2,0,23.2838,52.733
10,0.02,0.5,102,39.506,61.0876,0,1,24.9835,37.0039
10,0.02,0.5,102,39.506,63.1145,1,1,24.9835,57.7788
10,0.02,0.5,102,39.506,60.7652,2,1,24.9835,56.4453
10,0.02,0.5,105,48.9376,60.4888,0,1,24.4726,37.0005
10,0.02,0.5,105,48.9376,64.3278,1,1,24.4726,58.3549
10,0.02,0.5,105,48.9376,63.6518,2,1,24.4726,56.1128
10,0.02,0.5,110,38.7163,2.11886e+07,0,1,23.7029,37.2688
10,0.02,0.5,110,38.7163,57.4712,1,1,23.7029,58.2116
10,0.02,0.5,110,38.7163,60.274,2,1,23.7029,56.2737
10,0.02,0.5,120,41.8547,1.35964e+90,0,1,22.739,37.1468
10,0.02,0.5,120,41.8547,58.8187,1,1,22.739,58.6406
10,0.02,0.5,120,41.8547,57.3907,2,1,22.739,56.7644
10,0.02,0.5,150,42.0188,1.23036e+09,0,1,20.4411,37.3363
10,0.02,0.5,150,42.0188,49.9105,1,1,20.4411,58.3537
10,0.02,0.5,150,42.0188,53.7921,2,1,20.4411,56.4175
10,0.02,0.5,98,44.0625,41.6176,0,0,35.2961,37.0376
10,0.02,0.5,98,44.0625,72.7014,1,0,35.2961,57.9315
10,0.02,0.5,98,44.0625,73.4947,2,0,35.2961,57.7641
10,0.02,0.5,95,41.7968,41.0823,0,0,34.7854,37.3758
10,0.02,0.5,95,41.7968,71.186,1,0,34.7854,58.4085
10,0.02,0.5,95,41.7968,71.0625,2,0,34.7854,56.4785
10,0.02,0.5,90,38.19,67.2773,1,0,34.112,58.2921
10,0.02,0.5,90,38.19,37.2226,0,0,34.112,37.1566
10,0.02,0.5,90,38.19,67.8532,2,0,34.112,56.9561
10,0.02,0.5,80,31.7165,31.3562,0,0,32.5087,37.2713
10,0.02,0.5,80,31.7165,59.3381,1,0,32.5087,58.0957
10,0.02,0.5,80,31.7165,59.1541,2,0,32.5087,56.1024
10,0.02,0.5,50,14.4375,15.7637,0,0,26.587,37.5728
10,0.02,0.5,50,14.4375,36.9963,1,0,26.587,58.1157
10,0.02,0.5,50,14.4375,37.2213,2,0,26.587,56.3979
10,0.03,0.1,102,27.7516,27.2879,0,1,35.3404,21.7454
10,0.03,0.1,102,27.7516,27.3771,1,1,35.3404,33.2545
10,0.03,0.1,102,27.7516,27.204,2,1,35.3404,29.5071
10,0.03,0.1,105,24.6468,26.0725,0,1,32.9489,21.8857
10,0.03,0.1,105,24.6468,25.4761,1,1,32.9489,33.422
10,0.03,0.1,105,24.6468,25.6125,2,1,32.9489,29.6729
10,0.03,0.1,110,22.4748,22.6083,0,1,30.2719,21.8982
10,0.03,0.1,110,22.4748,23.2941,1,1,30.2719,33.0852
10,0.03,0.1,110,22.4748,23.1752,2,1,30.2719,29.5977
10,0.03,0.1,120,17.4851,18.6455,0,1,25.3298,21.8947
10,0.03,0.1,120,17.4851,18.4838,1,1,25.3298,33.1439
10,0.03,0.1,120,17.4851,17.7096,2,1,25.3298,30.2934
10,0.03,0.1,150,7.22826,8.6167,0,1,15.9982,21.8242
10,0.03,0.1,150,7.22826,8.41742,1,1,15.9982,33.6707
10,0.03,0.1,150,7.22826,8.55701,2,1,15.9982,29.551
10,0.03,0.1,98,4.95952,2.26225,0,0,23.2197,22.1355
10,0.03,0.1,98,4.95952,21.596,1,0,23.2197,33.6342
10,0.03,0.1,98,4.95952,21.4784,2,0,23.2197,29.7983
10,0.03,0.1,95,3.8118,1.77588,0,0,21.1363,22.0228
10,0.03,0.1,95,3.8118,20.5264,1,0,21.1363,33.4083
10,0.03,0.1,95,3.8118,20.5264,2,0,21.1363,29.7637
10,0.03,0.1,90,2.36049,1.21641,0,0,18.5886,22.0577
10,0.03,0.1,90,2.36049,19.3471,1,0,18.5886,33.2817
10,0.03,0.1,90,2.36049,19.3201,2,0,18.5886,29.7033
10,0.03,0.1,80,0.956056,1.36267,0,0,15.2791,22.1492
10,0.03,0.1,80,0.956056,17.0214,1,0,15.2791,33.1823
10,0.03,0.1,80,0.956056,17.5894,2,0,15.2791,31.3939
10,0.03,0.1,50,0.000615101,0.0759622,0,0,3.7754,22.4857
10,0.03,0.1,50,0.000615101,10.5484,1,0,3.7754,33.0255
10,0.03,0.1,50,0.000615101,10.3235,2,0,3.7754,29.1298
10,0.03,0.2,102,30.2397,36.1842,0,1,30.7634,28.5736
10,0.03,0.2,102,30.2397,36.0355,1,1,30.7634,43.6444
10,0.03,0.2,102,30.2397,36.9505,2,1,30.7634,40.6727
10,0.03,0.2,105,29.9458,34.7023,0,1,29.6721,28.4464
10,0.03,0.2,105,29.9458,36.0273,1,1,29.6721,43.0549
10,0.03,0.2,105,29.9458,33.264,2,1,29.6721,40.9306
10,0.03,0.2,110,23.4678,31.5978,0,1,28.1635,30.2437
10,0.03,0.2,110,23.4678,32.1681,1,1,28.1635,47.0379
10,0.03,0.2,110,23.4678,33.1108,2,1,28.1635,43.6125
10,0.03,0.2,120,22.1675,29.0985,0,1,27.5631,30.5004
10,0.03,0.2,120,22.1675,29.7117,1,1,27.5631,47.0673
10,0.03,0.2,120,22.1675,29.1907,2,1,27.5631,43.8978
10,0.03,0.2,150,14.3177,20.1422,1,1,21.2717,47.0054
10,0.03,0.2,150,14.3177,21.4293,0,1,21.2717,30.7289
10,0.03,0.2,150,14.3177,20.0293,2,1,21.2717,43.7797
10,0.03,0.2,98,14.534,10.4041,0,0,28.7168,29.3037
10,0.03,0.2,98,14.534,42.7608,2,0,28.7168,41.2456
10,0.03,0.2,98,14.534,42.1239,1,0,28.7168,43.368
10,0.03,0.2,95,13.1496,9.47813,0,0,27.2465,28.6572
10,0.03,0.2,95,13.1496,40.8059,1,0,27.2465,43.6999
10,0.03,0.2,95,13.1496,41.6133,2,0,27.2465,42.0195
10,0.03,0.2,90,10.778,8.38912,0,0,25.7046,28.8213
10,0.03,0.2,90,10.778,38.9192,1,0,25.7046,45.1499
10,0.03,0.2,90,10.778,38.9732,2,0,25.7046,44.0283
10,0.03,0.2,80,7.07616,5.61325,0,0,22.0841,29.0228
10,0.03,0.2,80,7.07616,34.6348,1,0,22.0841,44.0131
10,0.03,0.2,80,7.07616,35.2987,2,0,22.0841,41.3278
10,0.03,0.2,50,1.31562,21.9317,2,0,14.0514,41.3076
10,0.03,0.2,50,1.31562,0.944076,0,0,14.0514,28.8793
10,0.03,0.2,50,1.31562,21.7467,1,0,14.0514,44.0637
10,0.03,0.3,102,28.7929,42.5679,0,1,29.256,32.413
10,0.03,0.3,102,28.7929,42.9099,1,1,29.256,50.6989
10,0.03,0.3,102,28.7929,45.8712,2,1,29.256,47.6872
10,0.03,0.3,105,23.2705,43.9301,0,1,28.5454,32.4326
10,0.03,0.3,105,23.2705,45.0774,1,1,28.5454,50.0598
10,0.03,0.3,105,23.2705,44.0334,2,1,28.5454,47.7964
10,0.03,0.3,110,24.5146,41.1535,1,1,27.1459,50.4777
10,0.03,0.3,110,24.5146,42.2447,2,1,27.1459,47.8232
10,0.03,0.3,110,24.5146,43.1263,0,1,27.1459,32.6621
10,0.03,0.3,120,20.2638,40.8909,0,1,25.2136,32.7575
10,0.03,0.3,120,20.2638,40.1957,1,1,25.2136,49.731
10,0.03,0.3,120,20.2638,41.4778,2,1,25.2136,47.5612
10,0.03,0.3,150,19.3529,32.7457,0,1,21.2417,32.3349
10,0.03,0.3,150,19.3529,32.6911,1,1,21.2417,50.2618
10,0.03,0.3,150,19.3529,32.4397,2,1,21.2417,48.0563
10,0.03,0.3,98,21.9271,19.7549,0,0,31.5275,32.7788
10,0.03,0.3,98,21.9271,55.4406,1,0,31.5275,50.4105
10,0.03,0.3,98,21.9271,54.2749,2,0,31.5275,47.2733
10,0.03,0.3,95,21.0403,18.2789,0,0,31.063,33.0028
10,0.03,0.3,95,21.0403,52.6411,1,0,31.063,49.7775
10,0.03,0.3,95,21.0403,53.2775,2,0,31.063,47.6414
10,0.03,0.3,90,18.2244,16.456,0,0,29.4894,32.5423
10,0.03,0.3,90,18.2244,50.3205,2,0,29.4894,47.6405
10,0.03,0.3,90,18.2244,50.5904,1,0,29.4894,50.2666
10,0.03,0.3,80,14.1068,12.4984,0,0,27.0369,32.4677
10,0.03,0.3,80,14.1068,45.3852,2,0,27.0369,48.275
10,0.03,0.3,80,14.1068,45.2652,1,0,27.0369,50.2951
10,0.03,0.3,50,4.5627,4.02169,0,0,19.0303,32.5749
10,0.03,0.3,50,4.5627,27.7808,1,0,19.0303,50.2228
10,0.03,0.3,50,4.5627,28.3557,2,0,19.0303,48.1819
10,0.03,0.4,102,28.8899,56.6246,2,1,27.4367,52.134
10,0.03,0.4,102,28.8899,56.6697,0,1,27.4367,35.0361
10,0.03,0.4,102,28.8899,54.2169,1,1,27.4367,54.4484
10,0.03,0.4,105,31.0457,53.1297,0,1,26.8738,35.2323
10,0.03,0.4,105,31.0457,56.2771,1,1,26.8738,54.1395
10,0.03,0.4,105,31.0457,54.0045,2,1,26.8738,52.3724
10,0.03,0.4,110,28.7911,50.061,0,1,25.6662,35.2035
10,0.03,0.4,110,28.7911,54.96,1,1,25.6662,54.4795
10,0.03,0.4,110,28.7911,51.1867,2,1,25.6662,52.3775
10,0.03,0.4,120,30.6658,50.14,0,1,24.262,35.2714
10,0.03,0.4,120,30.6658,50.2989,1,1,24.262,54.7312
10,0.03,0.4,120,30.6658,53.0194,2,1,24.262,52.4197
10,0.03,0.4,150,31.8529,44.7173,2,1,21.3045,52.2305
10,0.03,0.4,150,31.8529,46.0444,1,1,21.3045,54.2215
10,0.03,0.4,150,31.8529,42.4965,0,1,21.3045,35.2614
10,0.03,0.4,98,31.0238,27.8725,0,0,33.6373,35.0754
10,0.03,0.4,98,31.0238,64.4655,1,0,33.6373,54.7068
10,0.03,0.4,98,31.0238,64.4359,2,0,33.6373,52.6996
10,0.03,0.4,95,29.168,26.2786,0,0,33.0469,35.0449
10,0.03,0.4,95,29.168,62.9756,1,0,33.0469,54.9767
10,0.03,0.4,95,29.168,62.4532,2,0,33.0469,52.693
10,0.03,0.4,90,26.7304,24.7507,0,0,32.0772,35.2156
10,0.03,0.4,90,26.7304,59.4361,1,0,32.0772,54.9593
10,0.03,0.4,90,26.7304,58.5182,2,0,32.0772,52.2876
10,0.03,0.4,80,21.2847,20.2782,0,0,29.9907,35.4592
10,0.03,0.4,80,21.2847,52.6001,1,0,29.9907,54.7933
10,0.03,0.4,80,21.2847,52.7121,2,0,29.9907,52.7259
10,0.03,0.4,50,8.57346,8.20383,0,0,23.1688,34.9392
10,0.03,0.4,50,8.57346,32.5951,1,0,23.1688,54.6393
10,0.03,0.4,50,8.57346,32.7601,2,0,23.1688,52.4404
10,0.03,0.5,102,47.9764,62.1275,0,1,25.9742,37.3406
10,0.03,0.5,102,47.9764,61.5966,1,1,25.9742,60.1775
10,0.03,0.5,102,47.9764,62.8647,2,1,25.9742,55.7077
10,0.03,0.5,105,40.3168,67.586,0,1,24.9685,36.9722
10,0.03,0.5,105,40.3168,66.7346,1,1,24.9685,57.2071
10,0.03,0.5,105,40.3168,64.3979,2,1,24.9685,55.9481
10,0.03,0.5,110,44.2377,59.6936,0,1,24.3443,37.0985
10,0.03,0.5,110,44.2377,61.6273,2,1,24.3443,56.2228
10,0.03,0.5,110,44.2377,65.2233,1,1,24.3443,58.1036
10,0.03,0.5,120,46.8468,59.412,1,1,23.5374,57.9259
10,0.03,0.5,120,46.8468,57.4489,0,1,23.5374,37.1271
10,0.03,0.5,120,46.8468,67.216,2,1,23.5374,55.3407
10,0.03,0.5,150,44.7383,49.9246,0,1,20.8093,37.2254
10,0.03,0.5,150,44.7383,52.5583,1,1,20.8093,58.4131
10,0.03,0.5,150,44.7383,54.0753,2,1,20.8093,55.4847
10,0.03,0.5,98,39.6998,36.1228,0,0,35.2769,36.984
10,0.03,0.5,98,39.6998,71.0306,2,0,35.2769,56.0775
10,0.03,0.5,98,39.6998,71.7557,1,0,35.2769,58.3522
10,0.03,0.5,95,37.4237,34.5942,0,0,34.9231,37.258
10,0.03,0.5,95,37.4237,68.8083,1,0,34.9231,57.9382
10,0.03,0.5,95,37.4237,67.858,2,0,34.9231,55.5387
10,0.03,0.5,90,34.9781,32.1119,0,0,34.1938,37.366
10,0.03,0.5,90,34.9781,64.7093,1,0,34.1938,57.6364
10,0.03,0.5,90,34.9781,65.1322,2,0,34.1938,55.9953
10,0.03,0.5,80,27.9505,27.3076,0,0,32.2926,37.3641
10,0.03,0.5,80,27.9505,57.2954,1,0,32.2926,57.5232
10,0.03,0.5,80,27.9505,57.9593,2,0,32.2926,55.9874
10,0.03,0.5,50,12.9942,13.3366,0,0,26.6008,37.1534
10,0.03,0.5,50,12.9942,36.0296,1,0,26.6008,57.5972
10,0.03,0.5,50,12.9942,36.0196,2,0,26.6008,55.7636
10,0.05,0.1,102,38.6363,38.9983,0,1,39.2387,18.2498
10,0.05,0.1,102,38.6363,38.7625,1,1,39.2387,27.1036
10,0.05,0.1,102,38.6363,39.1192,2,1,39.2387,22.8849
10,0.05,0.1,105,36.2393,37.1099,0,1,37.3845,18.3386
10,0.05,0.1,105,36.2393,36.448,2,1,37.3845,22.6705
10,0.05,0.1,105,36.2393,36.6331,1,1,37.3845,26.9029
10,0.05,0.1,110,34.0964,34.5315,1,1,34.8314,27.0085
10,0.05,0.1,110,34.0964,34.3251,2,1,34.8314,22.9858
10,0.05,0.1,110,34.0964,34.8014,0,1,34.8314,18.3234
10,0.05,0.1,120,28.1287,29.7136,2,1,29.9948,22.5151
10,0.05,0.1,120,28.1287,29.5058,1,1,29.9948,27.0412
10,0.05,0.1,120,28.1287,29.2872,0,1,29.9948,18.3502
10,0.05,0.1,150,16.4081,17.3716,0,1,19.9013,18.2914
10,0.05,0.1,150,16.4081,16.7587,1,1,19.9013,26.9633
10,0.05,0.1,150,16.4081,17.2769,2,1,19.9013,22.7866
10,0.05,0.1,98,3.10317,0.756043,0,0,19.6695,18.3914
10,0.05,0.1,98,3.10317,7.10322,1,0,19.6695,26.8267
10,0.05,0.1,98,3.10317,7.81845,2,0,19.6695,22.8595
10,0.05,0.1,95,2.22063,0.409168,0,0,18.4253,18.2873
10,0.05,0.1,95,2.22063,7.70257,1,0,18.4253,27.0011
10,0.05,0.1,95,2.22063,7.69308,2,0,18.4253,23.1182
10,0.05,0.1,90,1.27821,0.24178,0,0,17.0806,18.235
10,0.05,0.1,90,1.27821,7.2162,1,0,17.0806,27.0218
10,0.05,0.1,90,1.27821,6.98225,2,0,17.0806,22.7812
10,0.05,0.1,80,0.331226,0.0633237,0,0,11.9792,18.4701
10,0.05,0.1,80,0.331226,6.18245,1,0,11.9792,29.2281
10,0.05,0.1,80,0.331226,6.0065,2,0,11.9792,24.4545
10,0.05,0.1,50,5.57807e-05,3.76406,2,0,3.85819,24.5627
10,0.05,0.1,50,5.57807e-05,0.000305365,0,0,3.85819,20.0483
10,0.05,0.1,50,5.57807e-05,4.03899,1,0,3.85819,29.3354
10,0.05,0.2,102,42.4177,43.7871,2,1,36.6397,38.0862
10,0.05,0.2,102,42.4177,44.1627,0,1,36.6397,27.688
10,0.05,0.2,102,42.4177,42.9848,1,1,36.6397,41.6723
10,0.05,0.2,105,40.0454,43.5612,0,1,35.7363,27.5725
10,0.05,0.2,105,40.0454,42.4352,1,1,35.7363,41.6424
10,0.05,0.2,105,40.0454,42.2707,2,1,35.7363,38.0747
10,0.05,0.2,110,35.7804,40.8506,0,1,33.7204,27.5299
10,0.05,0.2,110,35.7804,40.6968,1,1,33.7204,41.7789
10,0.05,0.2,110,35.7804,40.6844,2,1,33.7204,38.1371
10,0.05,0.2,120,29.5513,37.4558,0,1,30.8092,27.663
10,0.05,0.2,120,29.5513,36.9842,1,1,30.8092,42.0851
10,0.05,0.2,120,29.5513,36.902,2,1,30.8092,38.2685
10,0.05,0.2,150,20.6196,28.0574,0,1,24.1677,27.7028
10,0.05,0.2,150,20.6196,28.2434,1,1,24.1677,41.5221
10,0.05,0.2,150,20.6196,27.8838,2,1,24.1677,37.924
10,0.05,0.2,98,11.0649,30.8427,2,0,27.746,36.1269
10,0.05,0.2,98,11.0649,5.49831,0,0,27.746,25.2271
10,0.05,0.2,98,11.0649,30.5293,1,0,27.746,39.1838
10,0.05,0.2,95,9.94615,4.94816,0,0,25.5664,25.2807
10,0.05,0.2,95,9.94615,29.7276,1,0,25.5664,38.3392
10,0.05,0.2,95,9.94615,30.4399,2,0,25.5664,34.8302
10,0.05,0.2,90,7.86752,4.32578,0,0,23.0753,25.0761
10,0.05,0.2,90,7.86752,28.7028,1,0,23.0753,38.0704
10,0.05,0.2,90,7.86752,28.9098,2,0,23.0753,34.852
10,0.05,0.2,80,4.91332,2.69615,0,0,20.1068,24.9754
10,0.05,0.2,80,4.91332,25.3377,1,0,20.1068,37.9289
10,0.05,0.2,80,4.91332,25.6576,2,0,20.1068,34.7823
10,0.05,0.2,50,0.687697,16.076,2,0,12.73,34.8876
10,0.05,0.2,50,0.687697,15.4261,1,0,12.73,37.5891
10,0.05,0.2,50,0.687697,0.371043,0,0,12.73,25.0976
10,0.05,0.3,102,35.5226,53.1569,0,1,30.2335,29.6081
10,0.05,0.3,102,35.5226,50.5941,2,1,30.2335,42.7626
10,0.05,0.3,102,35.5226,52.6059,1,1,30.2335,45.7067
10,0.05,0.3,105,34.6627,52.2307,0,1,29.6067,29.4983
10,0.05,0.3,105,34.6627,49.6462,1,1,29.6067,45.7485
10,0.05,0.3,105,34.6627,51.2599,2,1,29.6067,42.9219
10,0.05,0.3,110,28.1967,47.445,0,1,28.2491,30.0609
10,0.05,0.3,110,28.1967,48.5818,1,1,28.2491,45.4753
10,0.05,0.3,110,28.1967,49.589,2,1,28.2491,42.4648
10,0.05,0.3,120,29.5584,46.8847,0,1,26.252,29.7014
10,0.05,0.3,120,29.5584,47.2411,1,1,26.252,45.4749
10,0.05,0.3,120,29.5584,46.0902,2,1,26.252,43.1944
10,0.05,0.3,150,23.2636,39.6095,0,1,22.3912,29.687
10,0.05,0.3,150,23.2636,38.429,1,1,22.3912,45.8264
10,0.05,0.3,150,23.2636,38.1907,2,1,22.3912,42.9797
10,0.05,0.3,98,18.693,12.8809,0,0,29.3576,30.0031
10,0.05,0.3,98,18.693,45.6374,1,0,29.3576,45.0032
10,0.05,0.3,98,18.693,46.6563,2,0,29.3576,42.7472
10,0.05,0.3,95,17.3379,11.7988,0,0,28.7561,29.6965
10,0.05,0.3,95,17.3379,45.2373,1,0,28.7561,45.462
10,0.05,0.3,95,17.3379,44.7243,2,0,28.7561,42.4417
10,0.05,0.3,90,15.1851,10.4391,0,0,27.2949,29.6208
10,0.05,0.3,90,15.1851,43.0452,1,0,27.2949,45.5357
10,0.05,0.3,90,15.1851,43.3512,2,0,27.2949,43.0346
10,0.05,0.3,80,11.2243,8.04591,0,0,24.7679,29.7861
10,0.05,0.3,80,11.2243,38.3504,1,0,24.7679,45.7799
10,0.05,0.3,80,11.2243,38.7023,2,0,24.7679,43.1256
10,0.05,0.3,50,3.34967,2.76029,0,0,17.6174,29.9002
10,0.05,0.3,50,3.34967,24.074,1,0,17.6174,46.1693
10,0.05,0.3,50,3.34967,23.904,2,0,17.6174,42.9378
10,0.05,0.4,102,35.2484,58.8338,0,1,28.1432,33.0074
10,0.05,0.4,102,35.2484,56.6695,1,1,28.1432,51.3592
10,0.05,0.4,102,35.2484,59.6949,2,1,28.1432,48.4268
10,0.05,0.4,105,33.1377,61.4994,0,1,27.459,32.6414
10,0.05,0.4,105,33.1377,61.2629,1,1,27.459,50.713
10,0.05,0.4,105,33.1377,57.9169,2,1,27.459,48.3416
10,0.05,0.4,110,34.3149,57.4623,0,1,26.8292,32.9127
10,0.05,0.4,110,34.3149,59.9605,1,1,26.8292,50.497
10,0.05,0.4,110,34.3149,56.0873,2,1,26.8292,48.5086
10,0.05,0.4,120,36.752,6.534e+16,0,1,25.1345,32.7101
10,0.05,0.4,120,36.752,59.5244,1,1,25.1345,51.0843
10,0.05,0.4,120,36.752,54.7534,2,1,25.1345,48.5429
10,0.05,0.4,150,30.3982,47.1402,0,1,22.0061,33.1378
10,0.05,0.4,150,30.3982,50.3956,1,1,22.0061,50.6227
10,0.05,0.4,150,30.3982,49.2697,2,1,22.0061,48.5826
10,0.05,0.4,98,26.3838,20.2102,0,0,31.9325,33.1691
10,0.05,0.4,98,26.3838,58.6302,1,0,31.9325,51.2451
10,0.05,0.4,98,26.3838,57.2969,2,0,31.9325,48.2248
10,0.05,0.4,95,25.3407,18.3147,0,0,31.4141,32.443
10,0.05,0.4,95,25.3407,56.9573,1,0,31.4141,52.3886
10,0.05,0.4,95,25.3407,56.3685,2,0,31.4141,48.6428
10,0.05,0.4,90,22.284,17.0615,0,0,30.1597,32.892
10,0.05,0.4,90,22.284,53.2487,2,0,30.1597,48.5604
10,0.05,0.4,90,22.284,53.7706,1,0,30.1597,51.0985
10,0.05,0.4,80,17.5258,13.9975,0,0,28.2368,33.0235
10,0.05,0.4,80,17.5258,47.0842,1,0,28.2368,50.7961
10,0.05,0.4,80,17.5258,47.7561,2,0,28.2368,48.8358
10,0.05,0.4,50,6.67439,5.70174,0,0,21.6853,33.2263
10,0.05,0.4,50,6.67439,29.5326,1,0,21.6853,51.3501
10,0.05,0.4,50,6.67439,29.4976,2,0,21.6853,49.2086
10,0.05,0.5,102,47.7719,71.1798,1,1,26.3955,55.0268
10,0.05,0.5,102,47.7719,74.7736,0,1,26.3955,35.2073
10,0.05,0.5,102,47.7719,68.9711,2,1,26.3955,53.2662
10,0.05,0.5,105,50.3007,63.2947,0,1,25.8651,35.3485
10,0.05,0.5,105,50.3007,68.4278,1,1,25.8651,55.6131
10,0.05,0.5,105,50.3007,65.4404,2,1,25.8651,53.1489
10,0.05,0.5,110,44.6609,69.7813,0,1,25.3442,35.4097
10,0.05,0.5,110,44.6609,64.5424,1,1,25.3442,57.5435
10,0.05,0.5,110,44.6609,66.1464,2,1,25.3442,55.9835
10,0.05,0.5,120,44.7172,65.7292,0,1,25.6667,37.9819
10,0.05,0.5,120,44.7172,57.8335,1,1,25.6667,57.8018
10,0.05,0.5,120,44.7172,61.9147,2,1,25.6667,53.7272
10,0.05,0.5,150,41.9004,5.6643e+20,0,1,22.4323,35.4899
10,0.05,0.5,150,41.9004,55.4517,1,1,22.4323,55.3887
10,0.05,0.5,150,41.9004,62.8459,2,1,22.4323,53.4586
10,0.05,0.5,98,33.5255,66.9482,1,0,36.7486,56.4519
10,0.05,0.5,98,33.5255,27.278,0,0,36.7486,35.6578
10,0.05,0.5,98,33.5255,66.7818,2,0,36.7486,53.1994
10,0.05,0.5,95,31.8306,26.136,0,0,33.3024,35.6297
10,0.05,0.5,95,31.8306,65.3915,1,0,33.3024,55.7208
10,0.05,0.5,95,31.8306,65.3342,2,0,33.3024,53.5342
10,0.05,0.5,90,29.1447,24.0734,0,0,32.6185,35.5248
10,0.05,0.5,90,29.1447,61.3107,1,0,32.6185,55.1121
10,0.05,0.5,90,29.1447,60.9058,2,0,32.6185,52.8778
10,0.05,0.5,80,23.7766,20.0142,0,0,30.8584,35.88
10,0.05,0.5,80,23.7766,54.9863,1,0,30.8584,55.5039
10,0.05,0.5,80,23.7766,54.6823,2,0,30.8584,53.4553
10,0.05,0.5,50,10.7541,9.7252,0,0,25.4672,36.7071
10,0.05,0.5,50,10.7541,34.1115,1,0,25.4672,56.282
10,0.05,0.5,50,10.7541,34.0765,2,0,25.4672,53.1543
10,0.1,0.1,102,61.8495,152.809,0,1,43.1545,5.17701
10,0.1,0.1,102,61.8495,inf,1,1,43.1545,5.58019
10,0.1,0.1,102,61.8495,inf,2,1,43.1545,5.33289
10,0.1,0.1,105,59.9143,136.825,0,1,42.2324,5.47143
10,0.1,0.1,105,59.9143,inf,1,1,42.2324,5.27308
10,0.1,0.1,105,59.9143,inf,2,1,42.2324,5.40792
10,0.1,0.1,110,58.26,136.377,0,1,40.6533,5.20708
10,0.1,0.1,110,58.26,inf,1,1,40.6533,5.47612
10,0.1,0.1,110,58.26,inf,2,1,40.6533,5.27422
10,0.1,0.1,120,55.4947,130.328,0,1,37.5975,5.09232
10,0.1,0.1,120,55.4947,inf,1,1,37.5975,5.2809
10,0.1,0.1,120,55.4947,inf,2,1,37.5975,5.40991
10,0.1,0.1,150,48.7065,inf,0,1,29.5152,5.00879
10,0.1,0.1,150,48.7065,inf,1,1,29.5152,6.43051
10,0.1,0.1,150,48.7065,inf,2,1,29.5152,5.02233
10,0.1,0.1,98,1.39046,0.00786299,0,0,11.1527,5.00852
10,0.1,0.1,98,1.39046,0.097951,1,0,11.1527,5.28843
10,0.1,0.1,98,1.39046,0.0783608,2,0,11.1527,4.8631
10,0.1,0.1,95,0.812596,0.100616,0,0,9.91867,5.24855
10,0.1,0.1,95,0.812596,0.132934,1,0,9.91867,5.5704
10,0.1,0.1,95,0.812596,0.104448,2,0,9.91867,5.03328
10,0.1,0.1,90,0.256983,0.0608791,0,0,7.39286,5.13838
10,0.1,0.1,90,0.256983,0.0989505,1,0,7.39286,5.32594
10,0.1,0.1,90,0.256983,0.107946,2,0,7.39286,5.17694
10,0.1,0.1,80,0.00719867,0.000737808,0,0,4.00609,5.42571
10,0.1,0.1,80,0.00719867,0.071964,1,0,4.00609,5.24754
10,0.1,0.1,80,0.00719867,0.095952,2,0,4.00609,5.18986
10,0.1,0.1,50,0,0.07996,1,0,3.55302,5.83934
10,0.1,0.1,50,0,0,0,0,3.55302,5.49703
10,0.1,0.1,50,0,0.049975,2,0,3.55302,4.95428
10,0.1,0.2,102,61.6735,64.665,0,1,38.5535,18.7671
10,0.1,0.2,102,61.6735,63.0137,1,1,38.5535,27.9775
10,0.1,0.2,102,61.6735,63.2177,2,1,38.5535,23.4934
10,0.1,0.2,105,62.2029,62.838,0,1,37.8788,18.6506
10,0.1,0.2,105,62.2029,62.2789,1,1,37.8788,27.45
10,0.1,0.2,105,62.2029,63.1417,2,1,37.8788,23.374
10,0.1,0.2,110,58.6205,60.6444,0,1,36.396,18.815
10,0.1,0.2,110,58.6205,59.5737,1,1,36.396,28.0698
10,0.1,0.2,110,58.6205,59.5624,2,1,36.396,23.7289
10,0.1,0.2,120,53.6931,56.1694,0,1,33.6146,18.7077
10,0.1,0.2,120,53.6931,57.1747,1,1,33.6146,27.8077
10,0.1,0.2,120,53.6931,58.0065,2,1,33.6146,23.7306
10,0.1,0.2,150,47.8399,49.7914,0,1,27.6807,18.602
10,0.1,0.2,150,47.8399,49.0948,1,1,27.6807,27.649
10,0.1,0.2,150,47.8399,50.0766,2,1,27.6807,23.7789
10,0.1,0.2,98,6.54529,0.90325,0,0,20.6952,18.8244
10,0.1,0.2,98,6.54529,10.0008,1,0,20.6952,27.676
10,0.1,0.2,98,6.54529,10.471,2,0,20.6952,23.8065
10,0.1,0.2,95,5.47979,0.721155,0,0,19.9495,18.8104
10,0.1,0.2,95,5.47979,9.40979,1,0,19.9495,27.561
10,0.1,0.2,95,5.47979,10.2264,2,0,19.9495,23.8283
10,0.1,0.2,90,4.00286,0.598887,0,0,18.6969,18.9303
10,0.1,0.2,90,4.00286,9.2024,1,0,18.6969,27.8139
10,0.1,0.2,90,4.00286,9.55322,2,0,18.6969,23.7255
10,0.1,0.2,80,1.99667,0.312428,0,0,17.0759,18.6961
10,0.1,0.2,80,1.99667,7.98001,1,0,17.0759,27.5862
10,0.1,0.2,80,1.99667,8.21989,2,0,17.0759,23.8547
10,0.1,0.2,50,0.083584,0.0286822,0,0,6.50312,19.0541
10,0.1,0.2,50,0.083584,5.14743,1,0,6.50312,27.8383
10,0.1,0.2,50,0.083584,4.86757,2,0,6.50312,23.3938
10,0.1,0.3,102,53.2515,65.7656,0,1,34.1607,24.3616
10,0.1,0.3,102,53.2515,65.7851,1,1,34.1607,36.316
10,0.1,0.3,102,53.2515,66.4813,2,1,34.1607,32.9075
10,0.1,0.3,105,47.4675,66.6885,0,1,33.6571,24.0311
10,0.1,0.3,105,47.4675,64.9781,1,1,33.6571,36.3412
10,0.1,0.3,105,47.4675,67.3538,2,1,33.6571,33.2927
10,0.1,0.3,110,48.4309,65.2515,0,1,32.7663,24.2095
10,0.1,0.3,110,48.4309,65.459,1,1,32.7663,36.4933
10,0.1,0.3,110,48.4309,64.3047,2,1,32.7663,33.1356
10,0.1,0.3,120,45.0532,62.3109,0,1,30.8487,23.8603
10,0.1,0.3,120,45.0532,63.3497,1,1,30.8487,36.0548
10,0.1,0.3,120,45.0532,61.7991,2,1,30.8487,33.0841
10,0.1,0.3,150,41.0201,56.3705,0,1,26.1692,24.0972
10,0.1,0.3,150,41.0201,56.4036,1,1,26.1692,36.2424
10,0.1,0.3,150,41.0201,53.6658,2,1,26.1692,32.7312
10,0.1,0.3,98,12.9809,28.3277,1,0,25.3316,36.7631
10,0.1,0.3,98,12.9809,3.88305,0,0,25.3316,24.1224
10,0.1,0.3,98,12.9809,27.358,2,0,25.3316,32.7381
10,0.1,0.3,95,11.7983,3.49556,0,0,24.6762,24.1614
10,0.1,0.3,95,11.7983,26.1879,1,0,24.6762,36.0895
10,0.1,0.3,95,11.7983,26.4348,2,0,24.6762,32.643
10,0.1,0.3,90,9.82039,3.01287,0,0,23.3801,23.9565
10,0.1,0.3,90,9.82039,25.1424,1,0,23.3801,36.2363
10,0.1,0.3,90,9.82039,25.2953,2,0,23.3801,33.0241
10,0.1,0.3,80,6.68029,2.22549,0,0,21.8382,24.146
10,0.1,0.3,80,6.68029,23.0605,1,0,21.8382,36.7467
10,0.1,0.3,80,6.68029,22.5887,2,0,21.8382,32.8909
10,0.1,0.3,50,1.52487,0.546275,0,0,15.7664,24.0034
10,0.1,0.3,50,1.52487,14.3278,1,0,15.7664,36.6103
10,0.1,0.3,50,1.52487,13.7581,2,0,15.7664,32.7073
10,0.1,0.4,102,37.7158,73.0128,0,1,31.4569,28.6416
10,0.1,0.4,102,37.7158,69.6553,1,1,31.4569,43.6298
10,0.1,0.4,102,37.7158,73.0561,2,1,31.4569,40.7308
10,0.1,0.4,105,39.2772,69.1018,0,1,30.8074,28.7798
10,0.1,0.4,105,39.2772,72.0049,1,1,30.8074,43.9726
10,0.1,0.4,105,39.2772,68.7319,2,1,30.8074,40.6443
10,0.1,0.4,110,43.3298,71.5478,0,1,29.9687,28.4619
10,0.1,0.4,110,43.3298,69.0404,1,1,29.9687,43.4914
10,0.1,0.4,110,43.3298,70.9764,2,1,29.9687,40.4442
10,0.1,0.4,120,34.8624,64.6821,0,1,28.3081,28.5123
10,0.1,0.4,120,34.8624,67.264,1,1,28.3081,43.777
10,0.1,0.4,120,34.8624,68.9909,2,1,28.3081,40.6389
10,0.1,0.4,150,40.4762,63.2687,0,1,24.8532,28.4906
10,0.1,0.4,150,40.4762,61.9439,1,1,24.8532,46.3224
10,0.1,0.4,150,40.4762,59.6246,2,1,24.8532,43.9263
10,0.1,0.4,98,19.4753,7.99446,0,0,32.2946,29.9223
10,0.1,0.4,98,19.4753,43.6086,1,0,32.2946,44.2374
10,0.1,0.4,98,19.4753,43.0992,2,0,32.2946,40.8842
10,0.1,0.4,95,18.1054,7.6774,0,0,28.1355,28.6511
10,0.1,0.4,95,18.1054,42.007,1,0,28.1355,44.0495
10,0.1,0.4,95,18.1054,40.8201,2,0,28.1355,40.4285
10,0.1,0.4,90,15.779,6.84665,0,0,27.147,28.5793
10,0.1,0.4,90,15.779,39.4992,1,0,27.147,43.8701
10,0.1,0.4,90,15.779,39.0944,2,0,27.147,40.645
10,0.1,0.4,80,11.7033,5.34667,0,0,25.1663,28.7736
10,0.1,0.4,80,11.7033,35.1024,1,0,25.1663,43.7841
10,0.1,0.4,80,11.7033,34.9745,2,0,25.1663,40.7899
10,0.1,0.4,50,3.75789,1.96104,0,0,19.34,36.2934
10,0.1,0.4,50,3.75789,21.7641,1,0,19.34,44.0768
10,0.1,0.4,50,3.75789,22.074,2,0,19.34,40.9346
10,0.1,0.5,102,46.4721,74.6067,0,1,28.8673,31.9199
10,0.1,0.5,102,46.4721,72.3796,1,1,28.8673,49.7132
10,0.1,0.5,102,46.4721,74.6011,2,1,28.8673,47.1924
10,0.1,0.5,105,46.3137,71.2034,0,1,28.1964,32.0924
10,0.1,0.5,105,46.3137,72.8094,1,1,28.1964,49.9941
10,0.1,0.5,105,46.3137,77.7737,2,1,28.1964,47.2931
10,0.1,0.5,110,44.9191,71.5536,0,1,27.7133,32.2167
10,0.1,0.5,110,44.9191,73.9533,1,1,27.7133,49.9381
10,0.1,0.5,110,44.9191,74.6824,2,1,27.7133,47.1196
10,0.1,0.5,120,40.855,69.955,0,1,26.3635,32.1374
10,0.1,0.5,120,40.855,74.0068,1,1,26.3635,49.8309
10,0.1,0.5,120,40.855,70.7097,2,1,26.3635,47.3778
10,0.1,0.5,150,40.5724,66.0648,0,1,23.9856,32.1398
10,0.1,0.5,150,40.5724,75.8505,1,1,23.9856,49.4864
10,0.1,0.5,150,40.5724,72.1661,2,1,23.9856,47.1699
10,0.1,0.5,98,25.8999,12.5648,0,0,31.4265,32.1567
10,0.1,0.5,98,25.8999,55.5296,1,0,31.4265,49.9513
10,0.1,0.5,98,25.8999,55.441,2,0,31.4265,47.3209
10,0.1,0.5,95,24.5052,11.8864,0,0,30.9684,32.0746
10,0.1,0.5,95,24.5052,52.7367,1,0,30.9684,49.5705
10,0.1,0.5,95,24.5052,53.468,2,0,30.9684,47.2656
10,0.1,0.5,90,22.1908,11.0923,0,0,30.2213,32.3624
10,0.1,0.5,90,22.1908,50.7526,1,0,30.2213,49.6998
10,0.1,0.5,90,22.1908,50.7616,2,0,30.2213,47.3374
10,0.1,0.5,80,17.4857,9.01038,0,0,28.5165,32.0774
10,0.1,0.5,80,17.4857,44.8336,1,0,28.5165,49.5949
10,0.1,0.5,80,17.4857,44.7376,2,0,28.5165,47.1255
10,0.1,0.5,50,6.88385,4.15098,0,0,22.7371,32.0061
10,0.1,0.5,50,6.88385,28.2059,1,0,22.7371,49.8481
10,0.1,0.5,50,6.88385,28.4158,2,0,22.7371,47.4289
